Query,Last 3 months Clicks,Previous 3 months Clicks,Last 3 months Impressions,Previous 3 months Impressions,Last 3 months CTR,Previous 3 months CTR,Last 3 months Position,Previous 3 months Position
chris coffee,5391,4905,7342,6885,73.43%,71.24%,1.84,2.44
chris's coffee,757,667,1080,961,70.09%,69.41%,2.67,2.75
chriscoffee,563,643,707,831,79.63%,77.38%,1.24,1.18
chris' coffee,336,233,480,375,70%,62.13%,1.67,2.07
chris coffee service,252,236,528,422,47.73%,55.92%,3.06,2.68
vst basket,211,152,3311,2651,6.37%,5.73%,4.87,4.96
chriss coffee,142,127,245,215,57.96%,59.07%,3.15,2.87
quick mill silvano,116,135,1144,1156,10.14%,11.68%,4.03,3.92
quick mill carola,113,62,981,645,11.52%,9.61%,9.05,5.67
vesuvius espresso,99,117,761,659,13.01%,17.75%,3.22,2.79
chris coffee parts,83,79,114,105,72.81%,75.24%,1,1
acs vesuvius,78,47,576,382,13.54%,12.3%,3.72,5.54
erics thermometer,77,17,232,95,33.19%,17.89%,1.94,5.76
ceado e37s,73,144,4586,4145,1.59%,3.47%,7.22,7.04
ceado e5p,73,31,2738,1596,2.67%,1.94%,6.05,7.47
quick mill alexia evo,69,89,679,539,10.16%,16.51%,2.3,2.48
chris coffe,65,71,113,127,57.52%,55.91%,1.76,2.44
quick mill andreja premium,62,54,632,499,9.81%,10.82%,3.31,3.35
la marzocco linea mini,59,21,11945,3361,0.49%,0.62%,10.98,16.45
quick mill alexia,59,59,558,454,10.57%,13%,2.14,2.15
espresso machine repair near me,58,33,1705,787,3.4%,4.19%,7.42,7.26
la spaziale mini vivaldi ii,58,60,1651,1262,3.51%,4.75%,4.12,5.03
quick mill espresso,58,67,1230,1263,4.72%,5.3%,6.1,7.07
chris' coffee service,57,53,100,83,57%,63.86%,1.96,1.63
quick mill anita,53,33,656,410,8.08%,8.05%,2.16,2.72
quick mill qm67,53,57,560,455,9.46%,12.53%,3.35,2.89
ceado e37sd,52,47,2446,1404,2.13%,3.35%,6.67,6.67
la spaziale dream,52,31,872,628,5.96%,4.94%,5.9,7.13
chris coffee albany,51,55,110,100,46.36%,55%,2.64,2.37
vst tamper,50,51,250,200,20%,25.5%,3.24,2.4
dual boiler espresso machine,49,70,1904,2277,2.57%,3.07%,10.39,7.26
e61 thermometer,48,27,417,221,11.51%,12.22%,4.59,6.86
qm67 espresso machine,48,34,192,181,25%,18.78%,1.41,1.73
andreja premium,47,44,583,537,8.06%,8.19%,2.45,2.53
quickmill anita,45,38,533,490,8.44%,7.76%,2.35,2.68
quick mill silvano evo,45,71,496,474,9.07%,14.98%,3.17,3.18
e61 group head thermometer,44,19,277,130,15.88%,14.62%,4.63,6.43
eric's thermometer,41,13,154,74,26.62%,17.57%,1.99,5.28
mahlkonig peak,40,33,1904,1768,2.1%,1.87%,5.84,6.06
quick mill vetrano 2b evo,39,80,341,488,11.44%,16.39%,2.1,2.62
compak e8,38,30,370,219,10.27%,13.7%,7.2,7.98
ek43s,37,21,2215,1944,1.67%,1.08%,6.65,6.98
quickmill andreja premium,37,32,383,251,9.66%,12.75%,4.23,4.22
vetrano 2b evo,37,50,293,297,12.63%,16.84%,2.54,2.47
linea mini,36,25,7105,4577,0.51%,0.55%,10.49,11.8
quick mill vetrano,36,41,550,601,6.55%,6.82%,7.21,9.69
vesuvius espresso machine,36,32,527,402,6.83%,7.96%,2.65,2.18
quick mill anita evo,36,38,245,159,14.69%,23.9%,1.83,2.05
casadio undici,35,35,1831,1788,1.91%,1.96%,4.62,5
la spaziale s1,35,24,1315,934,2.66%,2.57%,7.17,11.34
vst baskets,35,38,740,621,4.73%,6.12%,5.29,5
lmlm espresso,35,20,175,128,20%,15.62%,1.61,1.91
quick mill,34,24,2100,1867,1.62%,1.29%,10.73,12.4
barista pro basket,34,17,178,116,19.1%,14.66%,2.33,2.25
chris cofee,34,25,50,49,68%,51.02%,1.48,2.63
alex duetto,33,86,1229,1263,2.69%,6.81%,5.43,4.49
best dual boiler espresso machine,33,20,521,686,6.33%,2.92%,10.48,8.34
mini vivaldi ii,33,23,413,390,7.99%,5.9%,2.71,4.02
ceado e37j,32,33,1529,1521,2.09%,2.17%,6.39,6.56
quick mill vetrano 2b,32,41,332,382,9.64%,10.73%,2.92,2.79
la spaziale mini vivaldi ii manual,32,7,109,78,29.36%,8.97%,2.39,7.92
la cimbali junior,31,46,1165,1104,2.66%,4.17%,7.62,8.13
izzo vivi,31,18,549,614,5.65%,2.93%,5.77,6.1
coffee machine repair service,31,8,453,188,6.84%,4.26%,9.59,11.88
vesuvius coffee machine,31,34,418,390,7.42%,8.72%,2.74,3.12
la marzocco linea mini vs gs3,31,21,395,520,7.85%,4.04%,5.42,6.23
alex duetto iv,30,47,336,456,8.93%,10.31%,3.52,3.13
breakfast with elvis coffee,30,21,109,68,27.52%,30.88%,1.5,4.44
fiorenzato f64,29,30,1435,1283,2.02%,2.34%,5.82,7
izzo alex duetto,29,29,1038,937,2.79%,3.09%,7.36,7.51
izzo vivi pid,29,29,432,390,6.71%,7.44%,4.45,5.45
eric's e61 thermometer,29,7,87,48,33.33%,14.58%,1.6,5.38
chriscoffee.com,29,7,48,16,60.42%,43.75%,1,21.88
fiorenzato f64 evo,28,22,1094,917,2.56%,2.4%,6.57,7.41
la spaziale vivaldi ii,28,18,812,629,3.45%,2.86%,5.57,7.32
la spaziale s1 vivaldi ii,28,25,632,553,4.43%,4.52%,5.59,6.35
la spaziale s1 mini vivaldi ii,28,37,514,470,5.45%,7.87%,4.12,6.4
chris coffee albany ny,28,0,41,0,68.29%,0%,2.66,0
linea mini vs gs3,27,35,331,352,8.16%,9.94%,4.92,5.39
oscar water softening pouch,27,15,170,130,15.88%,11.54%,3.01,3.77
eureka mignon specialita,25,0,1137,0,2.2%,0%,14.33,0
coffee machine repair near me,25,19,930,384,2.69%,4.95%,8.96,7.77
vst portafilter basket,25,16,362,257,6.91%,6.23%,6.21,3.85
cris coffee,25,24,46,46,54.35%,52.17%,1.09,2.3
double boiler espresso machine,24,9,1047,861,2.29%,1.05%,7.73,9.24
quickmill silvano,24,35,364,341,6.59%,10.26%,6.54,6.99
quick mill achille,24,43,342,359,7.02%,11.98%,5.75,5.15
open box espresso machine,24,8,262,110,9.16%,7.27%,8.82,10.02
ceado grinder,23,29,1732,1730,1.33%,1.68%,8.91,7.72
casadio undici a2 compact,23,16,199,177,11.56%,9.04%,2.96,3.18
chris’s coffee,23,26,44,49,52.27%,53.06%,4.27,3.47
mythos grinder,22,6,1747,1234,1.26%,0.49%,7.93,10.1
coffee grinder parts,22,23,976,3594,2.25%,0.64%,6.19,3.35
la spaziale mini vivaldi,22,12,719,598,3.06%,2.01%,8.46,11.7
quickmill andreja,22,22,504,532,4.37%,4.14%,12.04,20.24
rocket r nine one review,22,25,229,268,9.61%,9.33%,5.52,5.15
quickmill alexia evo,22,13,188,92,11.7%,14.13%,2.86,2.68
baristapro 18g nanotech precision portafilter basket,21,10,150,62,14%,16.13%,4.24,4.66
la spaziale vivaldi ii manual,21,5,90,57,23.33%,8.77%,2.06,8.12
chris coffee buyers remorse,21,9,63,51,33.33%,17.65%,1.46,3.27
chris's coffee service,21,28,40,44,52.5%,63.64%,2.3,2.18
compak e5,20,16,868,839,2.3%,1.91%,5.96,6.15
cimbali junior,20,35,749,665,2.67%,5.26%,6.71,6.92
vst filter basket,20,14,420,379,4.76%,3.69%,8.15,7.32
quick mill carola evo,20,13,306,229,6.54%,5.68%,5.16,5.74
quick mill monza,20,21,305,282,6.56%,7.45%,5.71,5.1
silvano evo,20,23,257,352,7.78%,6.53%,4.93,5.53
espresso machine technician near me,20,13,208,112,9.62%,11.61%,6.65,7.57
alexia evo,20,20,177,134,11.3%,14.93%,2.15,2.21
e61 rebuild kit,20,11,80,60,25%,18.33%,4.25,5.27
mini vivaldi ii manual,20,5,69,54,28.99%,9.26%,2.71,6.57
rocket appartamento,19,34,7678,5568,0.25%,0.61%,11.78,11.33
mahlkonig guatemala,19,30,1131,1125,1.68%,2.67%,5.91,5.5
la spaziale s1 dream,19,22,418,299,4.55%,7.36%,7.29,9.28
espresso machine service near me,19,8,307,203,6.19%,3.94%,7.57,8.88
casadio enea,19,9,268,235,7.09%,3.83%,5.91,5.27
quickmill alexia,19,22,260,187,7.31%,11.76%,2.73,2.97
vetrano 2b,19,27,215,290,8.84%,9.31%,2.9,2.46
rocket r nine one,18,31,618,998,2.91%,3.11%,13.31,8.2
quick mill andreja,18,32,487,581,3.7%,5.51%,8.19,15.21
motta pitcher,18,15,380,314,4.74%,4.78%,8.92,7.86
la spaziale dream t,18,21,354,312,5.08%,6.73%,5.37,6.98
la spaziale s1 vivaldi,18,13,329,245,5.47%,5.31%,10.19,12.19
izzo alex duetto iv plus,18,15,314,233,5.73%,6.44%,5.11,5.42
e61 portafilter,18,10,305,277,5.9%,3.61%,4.77,4.45
izzo alex duetto iv,18,26,283,258,6.36%,10.08%,4.95,5.02
ims barista pro,18,6,110,70,16.36%,8.57%,5.05,6.13
slayer espresso,17,26,2473,2724,0.69%,0.95%,8.47,11.43
espresso machine repair service near me,17,16,572,244,2.97%,6.56%,6.62,5.57
qm67,17,34,527,529,3.23%,6.43%,5,4.06
rocket espresso mozzafiato type v,17,7,504,441,3.37%,1.59%,9.67,9.86
coffee machine repair service near me,17,2,447,159,3.8%,1.26%,7.48,7.2
baristapro basket,17,11,239,133,7.11%,8.27%,4.71,5.17
alex duetto iv plus,17,31,215,265,7.91%,11.7%,3.7,3.54
quick mill andreja premium evo,17,21,164,151,10.37%,13.91%,3.07,2.81
rocket mozzafiato type v review,17,13,146,125,11.64%,10.4%,5.93,5.9
quick mill qm67 evo,17,10,142,137,11.97%,7.3%,2.63,2.69
chris's coffee albany ny,17,0,27,0,62.96%,0%,2.78,0
commercial espresso machine repair near me,16,6,236,92,6.78%,6.52%,6.82,6.22
la marzocco gs3 vs linea mini,16,14,226,265,7.08%,5.28%,5.85,6.22
andreja premium espresso machine,16,9,204,121,7.84%,7.44%,2.72,3.17
gs3 vs linea mini,16,18,204,175,7.84%,10.29%,5.68,6.12
e61 group thermometer,16,5,94,68,17.02%,7.35%,2.48,6.47
mazzer super jolly,15,12,2497,1639,0.6%,0.73%,15.93,16.24
mahlkonig ek43s,15,33,1002,944,1.5%,3.5%,6.37,6.99
la spaziale vivaldi,15,13,959,679,1.56%,1.91%,8.66,10.65
quickmill carola,15,28,418,379,3.59%,7.39%,15.4,9.07
rocket bottomless portafilter,15,11,369,195,4.07%,5.64%,8.12,18.57
quick mill evolution 70,15,15,226,302,6.64%,4.97%,11.14,19.39
quickmill qm67,15,12,210,190,7.14%,6.32%,6.5,6.92
quick mill andreja profiles,15,6,131,109,11.45%,5.5%,6.43,8.12
barista pro filter basket,15,6,104,42,14.42%,14.29%,2.58,3.81
monza espresso machine,15,8,90,87,16.67%,9.2%,2.29,2.95
vst precision espresso baskets,15,0,85,0,17.65%,0%,1.69,0
andreja premium parts,15,0,71,0,21.13%,0%,3.42,0
la marzocco gs3 mp,14,7,830,508,1.69%,1.38%,9.03,8.97
rancilio bottomless portafilter,14,7,354,263,3.95%,2.66%,9.01,14.24
coffee machine repair shop near me,14,0,203,0,6.9%,0%,10.8,0
casadio enea grinder,14,12,128,105,10.94%,11.43%,3.96,3.6
andreja premium evo,14,17,119,93,11.76%,18.28%,4.56,3.04
rocket espresso appartamento,13,14,2813,2499,0.46%,0.56%,10.49,10.77
ceado e37sl,13,8,93,74,13.98%,10.81%,4.23,4.99
erics thermometer espresso,13,10,41,29,31.71%,34.48%,2.15,1.93
baratza sette 270wi,12,9,1947,1388,0.62%,0.65%,12.55,12.03
quick mill espresso machine,12,13,343,223,3.5%,5.83%,4.73,4.94
fiorenzato f4e,12,8,260,253,4.62%,3.16%,6.78,6.53
vst espresso basket,12,11,254,200,4.72%,5.5%,6.25,4.62
e61 bottomless portafilter,12,27,226,210,5.31%,12.86%,5.25,4.27
vst 18g basket,12,13,173,171,6.94%,7.6%,6.06,4.78
ims baristapro basket,12,4,129,55,9.3%,7.27%,5.6,6.42
casadio espresso grinder,12,4,121,72,9.92%,5.56%,3.24,3.6
how to descale a plumbed in espresso machine,12,0,61,0,19.67%,0%,5.46,0
no burn steam wand,12,0,49,0,24.49%,0%,4.41,0
ek43 grinder,11,10,2807,2621,0.39%,0.38%,7.77,6.84
pitcher rinser,11,15,2227,1713,0.49%,0.88%,11.87,7.83
casadio espresso machine,11,8,1111,686,0.99%,1.17%,5.23,6.88
ek43s grinder,11,9,543,309,2.03%,2.91%,5.68,5.85
compak k3 touch,11,13,518,640,2.12%,2.03%,12.71,10.63
best heat exchanger espresso machine,11,13,272,238,4.04%,5.46%,8.51,8.86
compak f10,11,4,242,176,4.55%,2.27%,7.02,7.39
best single boiler espresso machine,11,12,232,211,4.74%,5.69%,9.23,9.37
quickmill achille,11,10,227,195,4.85%,5.13%,9.05,9.28
vivaldi s1,11,4,149,88,7.38%,4.55%,4,5.73
anita quickmill,11,0,97,0,11.34%,0%,1.51,0
quick mill silvano parts,11,5,56,30,19.64%,16.67%,2.61,3
peak grinder,10,7,851,769,1.18%,0.91%,5.75,5.42
fiorenzato f64e,10,14,473,673,2.11%,2.08%,8.23,8.55
mahlkonig ek43 s,10,10,467,451,2.14%,2.22%,6.81,6.46
italian coffee grinder,10,0,467,0,2.14%,0%,6.84,0
mini vivaldi,10,9,351,263,2.85%,3.42%,3.58,4.63
slayer espresso price,10,13,326,491,3.07%,2.65%,7.82,8.14
elvis coffee,10,4,236,106,4.24%,3.77%,6.58,10.54
ceado e5p grinder,10,6,211,91,4.74%,6.59%,5.25,5.65
rocket r9 one review,10,5,149,54,6.71%,9.26%,5.92,7.98
quick mill alexia evo review,10,4,130,68,7.69%,5.88%,3.07,3.24
monza coffee machine,10,5,111,94,9.01%,5.32%,4.95,4.31
ambient vesuvius,10,7,106,106,9.43%,6.6%,8.58,10.66
e61 mushroom,10,2,91,52,10.99%,3.85%,3.19,9.87
vetrano espresso,10,10,69,58,14.49%,17.24%,1.41,1.72
vesuvius dual boiler espresso machine,10,2,68,60,14.71%,3.33%,3.43,4.08
stainless steel portafilter,10,2,59,66,16.95%,3.03%,5.02,5.48
chris coffee shop,10,21,50,79,20%,26.58%,3.92,4.42
rocket mozzafiato type v,9,11,803,850,1.12%,1.29%,9.94,9.7
espresso grinders,9,2,785,385,1.15%,0.52%,14.53,34.43
espresso repair near me,9,1,495,177,1.82%,0.56%,12.72,10.82
single boiler espresso machine,9,5,454,444,1.98%,1.13%,8.14,7.84
la spaziale vivaldi s1,9,11,324,218,2.78%,5.05%,8.53,12.76
fiorenzato f4,9,4,282,270,3.19%,1.48%,12.27,10.26
mahlkonig peak grinder,9,4,275,279,3.27%,1.43%,5.73,5.73
f64 evo,9,4,263,284,3.42%,1.41%,6.53,5.53
nuova simonelli g60,9,16,244,237,3.69%,6.75%,4.86,3.53
la marzocco bottomless portafilter,9,2,194,43,4.64%,4.65%,10.02,20.49
s1 vivaldi,9,5,184,159,4.89%,3.14%,6.07,7.14
f64 evo grinder,9,7,156,118,5.77%,5.93%,4.81,4.01
izzo vivi pid review,9,6,110,83,8.18%,7.23%,3.87,4.3
quickmill anita espresso machine,9,3,93,49,9.68%,6.12%,2.48,2.84
portafilter spring clip,9,2,91,55,9.89%,3.64%,2.53,1.67
vst precision filter baskets,9,8,85,121,10.59%,6.61%,5.33,5.1
quick mill vetrano 2b evo manual,9,12,82,66,10.98%,18.18%,4,6.58
e61 grouphead thermometer,9,4,75,31,12%,12.9%,5.68,7.74
alexia espresso machine,9,4,66,18,13.64%,22.22%,2.26,1.94
quick mill parts,9,4,62,53,14.52%,7.55%,6.18,8.34
vetrano 2b evo manual,9,2,31,3,29.03%,66.67%,3,5.33
la marzocco gs3,8,26,4549,4481,0.18%,0.58%,13.16,14.54
mahlkonig ek43,8,24,3029,3903,0.26%,0.61%,10.81,7.96
rocket giotto,8,17,1706,2185,0.47%,0.78%,13.09,12.36
sette 270wi,8,11,1188,1347,0.67%,0.82%,9.77,9.37
rocket appartamento espresso machine,8,2,810,431,0.99%,0.46%,7.55,7.27
fiorenzato grinder,8,10,691,600,1.16%,1.67%,6.13,6.97
rocket mozzafiato,8,9,664,673,1.2%,1.34%,11.36,11.04
la cimbali m21 junior,8,21,463,460,1.73%,4.57%,19.45,18.18
mazzer super jolly electronic,8,6,445,406,1.8%,1.48%,17.29,15.41
e37s,8,3,412,313,1.94%,0.96%,7.51,7.61
casadio undici a2,8,12,374,392,2.14%,3.06%,5.11,5.31
rancilio silvia bottomless portafilter,8,3,320,347,2.5%,0.86%,9.32,14.48
ims basket,8,5,297,190,2.69%,2.63%,12.23,11.32
unic mira,8,5,285,207,2.81%,2.42%,4.2,6.69
dream machine firmware,8,0,212,0,3.77%,0%,6.83,0
rancilio silvia boiler,8,4,207,226,3.86%,1.77%,8.21,6.04
quickmill espresso,8,5,207,239,3.86%,2.09%,8.25,11.34
fiorenzato f64 evo review,8,12,162,135,4.94%,8.89%,5.88,6
la spaziale portafilter,8,8,137,103,5.84%,7.77%,3.26,4
rocket espresso mozzafiato timer type v espresso machine,8,9,131,140,6.11%,6.43%,6.63,5.56
anita espresso machine,8,9,115,139,6.96%,6.47%,2.21,2.56
quickmill silvano evo,8,8,100,87,8%,9.2%,5.71,5.45
izzo vivi pid pro espresso machine,8,8,75,64,10.67%,12.5%,3.27,3.25
quick mill silvano evo espresso machine,8,4,65,25,12.31%,16%,2.74,2.28
compak e8 review,8,0,62,0,12.9%,0%,8.76,0
acs vesuvius v2,8,5,52,39,15.38%,12.82%,5.17,5.82
slayer steam tip,8,2,51,13,15.69%,15.38%,2.39,2.31
quickmill pulsor,8,6,51,56,15.69%,10.71%,5.31,5.32
quickmill espresso machines,8,0,51,0,15.69%,0%,7.84,0
quick mill silvano manual,8,6,49,38,16.33%,15.79%,3.88,3.58
la spaziale s1 manual,8,0,47,0,17.02%,0%,2.89,0
quick mill andreja premium parts,8,0,44,0,18.18%,0%,2.82,0
e61 diffuser,8,3,31,19,25.81%,15.79%,4.06,3.89
ek43,7,18,3580,5030,0.2%,0.36%,9.49,7.9
rocket r58,7,38,2890,5123,0.24%,0.74%,14.35,10.45
espresso grinder,7,1,2546,1657,0.27%,0.06%,23.32,52.3
la marzocco mini,7,7,1849,968,0.38%,0.72%,10.35,10.63
coffee parts,7,2,1288,627,0.54%,0.32%,11.73,22.44
la spaziale espresso machine,7,5,839,548,0.83%,0.91%,12.72,12.19
rocket giotto evoluzione r,7,2,690,529,1.01%,0.38%,7.66,8.55
ek43 s,7,7,385,454,1.82%,1.54%,6.82,6.3
slayer coffee machine price,7,6,379,576,1.85%,1.04%,7.5,9.66
e37sd,7,9,370,261,1.89%,3.45%,6.54,6.2
best double boiler espresso machine,7,4,322,201,2.17%,1.99%,9.89,9.19
reg barber tamper,7,1,301,354,2.33%,0.28%,31.51,40.06
vivaldi espresso machine,7,11,237,179,2.95%,6.15%,4.38,5.36
la marzocco linea mini espresso machine,7,4,235,257,2.98%,1.56%,9.93,9.21
heat exchanger espresso machines,7,2,222,132,3.15%,1.52%,7.75,7.83
casadio coffee grinder,7,4,196,189,3.57%,2.12%,4.65,4.52
izzo pompei,7,27,182,193,3.85%,13.99%,11.45,4.06
mahlkonig peak espresso grinder,7,7,178,129,3.93%,5.43%,4.51,4.68
compak e6,7,4,168,84,4.17%,4.76%,12.14,10.83
ceado e37s review,7,8,163,141,4.29%,5.67%,6.74,6.64
ceado e37sd review,7,14,150,101,4.67%,13.86%,7.4,9.28
mozzafiato type v,7,3,134,133,5.22%,2.26%,7.42,6.71
qm67 evo,7,16,105,116,6.67%,13.79%,3.49,2.97
silvano evo espresso machine,7,0,97,0,7.22%,0%,2.78,0
quick mill anita manual,7,6,90,51,7.78%,11.76%,6.03,5.96
espresso machine plumbing kit,7,8,83,107,8.43%,7.48%,4.51,5.55
hibiscus coffee recipe,7,4,81,52,8.64%,7.69%,5.59,3.6
f64 evo grinder price,7,8,78,85,8.97%,9.41%,3.85,2.39
la spaziale bottomless portafilter,7,7,77,56,9.09%,12.5%,3.23,5.11
vivaldi s1 espresso machine,7,5,70,47,10%,10.64%,2.6,3.34
quickmill evo,7,0,62,0,11.29%,0%,7.42,0
mavea c150,7,0,52,0,13.46%,0%,6.92,0
vesuvius dual boiler espresso machine with pressure profiling,7,0,44,0,15.91%,0%,4.16,0
robur s electronic,7,0,44,0,15.91%,0%,8.64,0
la cimbali,6,13,5045,4133,0.12%,0.31%,15.58,15.71
cimbali,6,7,2664,2102,0.23%,0.33%,12.33,13.53
mazzer mini,6,3,2089,1268,0.29%,0.24%,17.69,24.54
fiorenzato,6,8,1057,1064,0.57%,0.75%,16.6,18.65
descaling espresso machine,6,0,732,0,0.82%,0%,19.93,0
slayer espresso machine,6,9,552,1207,1.09%,0.75%,9.54,9.11
casadio grinder,6,15,449,488,1.34%,3.07%,4.83,5.2
espresso machine service,6,3,424,180,1.42%,1.67%,20.78,26.79
izzo alex,6,6,415,328,1.45%,1.83%,7.52,8.2
heat exchanger espresso machine,6,3,319,313,1.88%,0.96%,8.78,8.8
quickmill vetrano 2b,6,8,304,217,1.97%,3.69%,9.48,7.15
quick mill espresso machines,6,4,280,277,2.14%,1.44%,3.55,3.43
mazzer robur s,6,0,277,0,2.17%,0%,8.51,0
blendtec 825,6,3,238,239,2.52%,1.26%,11.9,8.45
parts of coffee grinder,6,11,227,239,2.64%,4.6%,6.41,6.64
slayer espresso single group price,6,4,206,237,2.91%,1.69%,9.64,8.46
dual boiler espresso machines,6,3,198,209,3.03%,1.44%,8.89,5.32
mini vivaldi ii espresso machine,6,2,177,76,3.39%,2.63%,3.55,6.7
la spaziale s1 dream t,6,9,173,152,3.47%,5.92%,9.79,9.97
portafilter spring,6,5,155,180,3.87%,2.78%,5.7,4.03
giotto evoluzione r,6,4,152,149,3.95%,2.68%,5.8,5.68
alex duetto espresso machine,6,0,145,0,4.14%,0%,4.94,0
portafilter e61,6,4,128,82,4.69%,4.88%,4.5,3.67
ceado e37j review,6,8,123,116,4.88%,6.9%,6.82,5.96
chris coffee coupon,6,16,121,167,4.96%,9.58%,5.93,4.75
mahlkonig short hopper,6,9,118,134,5.08%,6.72%,5.55,3.57
linea mini plumb kit,6,4,114,92,5.26%,4.35%,6.15,5.88
la spaziale mini vivaldi 2,6,0,114,0,5.26%,0%,9.79,0
alex duetto 4,6,10,112,108,5.36%,9.26%,4.1,3.07
coffee repair shop,6,2,112,30,5.36%,6.67%,4.73,6.83
s1 mini vivaldi ii,6,4,111,91,5.41%,4.4%,8.89,9.78
silvano quick mill,6,4,107,49,5.61%,8.16%,3.8,3.35
e61 shower screen,6,2,105,98,5.71%,2.04%,7.56,7.66
ceado e5p review,6,0,104,0,5.77%,0%,8.38,0
monza quick mill,6,3,96,76,6.25%,3.95%,4.31,4.76
espresso machine repairs near me,6,0,94,0,6.38%,0%,7.91,0
mahlkonig k30 hopper,6,5,83,61,7.23%,8.2%,4.2,2.89
technibrew,6,6,83,63,7.23%,9.52%,4.48,4.56
andreja premium evo espresso machine,6,3,72,21,8.33%,14.29%,3.69,2.67
vst basket 18g,6,6,72,165,8.33%,3.64%,4.88,4.78
quick mill coffee machines,6,4,72,86,8.33%,4.65%,7.15,7.16
rocket espresso bottomless portafilter,6,0,71,0,8.45%,0%,7.08,0
qm silvano,6,7,63,75,9.52%,9.33%,4.86,5.05
la spaziale dream manual,6,6,60,39,10%,15.38%,3.23,8.38
18g vst basket,6,6,58,70,10.34%,8.57%,5.29,3.76
quick mill 67,6,5,51,31,11.76%,16.13%,2.78,2.9
espresso machine pressure regulator,6,0,46,0,13.04%,0%,1.96,0
quick mill anita evo review,6,0,44,0,13.64%,0%,3.02,0
quick mill anita parts,6,0,43,0,13.95%,0%,1.4,0
qm 67,6,2,42,38,14.29%,5.26%,3.83,3.16
rocket espresso boxer user manual,6,0,40,0,15%,0%,6.15,0
andreja premium espresso,6,0,28,0,21.43%,0%,3.07,0
rocket espresso r nine one review,6,0,26,0,23.08%,0%,6,0
undici a2 compact,6,10,25,50,24%,20%,2.8,2.32
silvano evo manual,6,4,20,14,30%,28.57%,2.3,2.29
quick mill vetrano 2b evo espresso machine,6,0,19,0,31.58%,0%,2.05,0
quick mill alexia evo espresso machine,6,0,18,0,33.33%,0%,2.17,0
chris coffee new york,6,0,8,0,75%,0%,4.12,0
pressure reducing valve,5,0,9014,0,0.06%,0%,5.87,0
la spaziale,5,5,2980,1500,0.17%,0.33%,18.03,22.62
casadio,5,12,2453,2209,0.2%,0.54%,6.77,11.02
super automatic espresso machine,5,1,1943,1199,0.26%,0.08%,38.19,45.86
compak k3,5,21,941,1166,0.53%,1.8%,15.72,12.56
mahlkonig e65s,5,5,551,353,0.91%,1.42%,9.97,11.37
rocket fausto,5,3,506,439,0.99%,0.68%,17.15,15.78
mahlkonig k30 twin,5,7,472,487,1.06%,1.44%,7.49,6.61
rocket giotto evoluzione,5,8,469,447,1.07%,1.79%,7.46,7.37
quick espresso machine,5,0,435,0,1.15%,0%,5.45,0
mythos 2 grinder,5,1,375,255,1.33%,0.39%,7.34,9.37
quickmill vetrano,5,4,354,336,1.41%,1.19%,14,22.72
compak k3 grinder,5,6,332,345,1.51%,1.74%,14.81,10.23
la cimbali m21,5,15,330,430,1.52%,3.49%,11.17,8.57
ceado e37t,5,5,329,339,1.52%,1.47%,5.61,5.08
fiorenzato f4e nano,5,15,321,371,1.56%,4.04%,9.35,6.58
coffee machine service near me,5,2,281,113,1.78%,1.77%,11.46,14.48
cimbali m21 junior,5,1,222,193,2.25%,0.52%,23.56,26.31
vesuvius dual boiler,5,7,208,93,2.4%,7.53%,4.9,5.02
rocket espresso giotto evoluzione r,5,3,197,141,2.54%,2.13%,5.82,6.5
black pearl coffee,5,6,190,313,2.63%,1.92%,11.19,9.89
biocaf,5,0,178,0,2.81%,0%,9.41,0
espresso machine double boiler,5,0,169,0,2.96%,0%,8.15,0
steaming pitcher rinser,5,3,157,135,3.18%,2.22%,6.24,6.17
la spaziale mini vivaldi s1,5,2,146,88,3.42%,2.27%,10.62,16.59
espresso machine water softener,5,3,145,143,3.45%,2.1%,12.49,11.52
espresso water softener,5,0,143,0,3.5%,0%,8.45,0
casadio undici manual,5,5,135,128,3.7%,3.91%,6.84,5.71
quickmill vetrano 2b evo,5,3,135,88,3.7%,3.41%,8.8,8.62
vst precision basket,5,8,126,113,3.97%,7.08%,6.19,5.73
spaziale vivaldi,5,0,120,0,4.17%,0%,4.92,0
nuova simonelli g60 espresso grinder,5,12,111,84,4.5%,14.29%,3.71,2.56
baristapro nanotech,5,2,105,29,4.76%,6.9%,9.22,9.24
silvano espresso machine,5,10,101,101,4.95%,9.9%,2.44,2.6
vesuvius coffee,5,11,98,95,5.1%,11.58%,2.94,2.99
espresso machine dual boiler,5,8,97,183,5.15%,4.37%,10.63,7.7
coffee equipment repair,5,2,94,48,5.32%,4.17%,4.27,7.4
bunn gvh,5,5,93,98,5.38%,5.1%,6.77,5.38
quickmill andreja premium espresso machine,5,0,85,0,5.88%,0%,4.26,0
quick mill qm67 review,5,8,84,47,5.95%,17.02%,5.13,5.26
andrea premium,5,12,83,102,6.02%,11.76%,4.02,3.05
cimbali casadio undici,5,0,82,0,6.1%,0%,3.5,0
vst precision filter basket,5,5,82,87,6.1%,5.75%,7.57,6.21
fiorenzato f64 evo price,5,7,77,29,6.49%,24.14%,3.6,4.55
ceado e5p electronic coffee grinder,5,0,75,0,6.67%,0%,8.63,0
bottomless portafilter rocket,5,0,69,0,7.25%,0%,6.22,0
profitec 4 hole steam tip,5,16,66,80,7.58%,20%,7.12,4.67
slayer 1 group price,5,0,63,0,7.94%,0%,7.97,0
quick mill espresso machine parts,5,3,60,57,8.33%,5.26%,4.88,5.16
mini vivaldi s1,5,3,58,62,8.62%,4.84%,3.4,4.02
vesuvius espresso v2,5,12,53,107,9.43%,11.21%,3.08,3.19
cafelat pitcher,5,0,51,0,9.8%,0%,6.49,0
group head thermometer,5,2,49,14,10.2%,14.29%,6.65,5.21
christ coffee,5,4,47,33,10.64%,12.12%,7.3,6.45
quick mill evo 70,5,0,45,0,11.11%,0%,4.58,0
compak k3 hopper,5,2,44,34,11.36%,5.88%,6.09,4.74
quick mill evo,5,4,41,46,12.2%,8.7%,4.76,6.54
la cimbali casa,5,0,35,0,14.29%,0%,4.63,0
izzo alex duetto iv plus review,5,0,33,0,15.15%,0%,3.88,0
e61 bottomless portafilter wood,5,0,18,0,27.78%,0%,9.06,0
unic portafilter,5,0,15,0,33.33%,0%,2.13,0
gs3,4,7,6690,6438,0.06%,0.11%,9.53,9.52
quickmill,4,10,1161,1294,0.34%,0.77%,17.85,17.84
rocket espresso machine,4,3,1117,1088,0.36%,0.28%,25.95,27.42
calibrated tamper,4,2,683,584,0.59%,0.34%,12.83,13.14
mahlkonig k30,4,7,590,452,0.68%,1.55%,13.51,11.19
gs3 mp,4,7,519,583,0.77%,1.2%,7.78,8.43
mazzer mini electronic,4,3,509,490,0.79%,0.61%,27.25,29.43
linea mini espresso machine,4,2,427,733,0.94%,0.27%,10.19,8.99
slayer coffee,4,1,422,572,0.95%,0.17%,6.55,7.94
espro calibrated tamper,4,4,399,379,1%,1.06%,10.31,11.57
la marzocco gs3 av,4,3,380,163,1.05%,1.84%,14.08,14.02
rocket appartamento review,4,7,313,234,1.28%,2.99%,17.75,15.35
baristapro,4,2,297,236,1.35%,0.85%,9.08,9.07
slayer espresso machine price,4,5,287,413,1.39%,1.21%,8.9,9.21
prosumer espresso machine,4,0,240,0,1.67%,0%,26.71,0
commercial coffee maker repair near me,4,2,227,109,1.76%,1.83%,10.31,10.64
coffee machine repair,4,9,215,251,1.86%,3.59%,26.87,16.75
espresso machine dealers,4,6,198,342,2.02%,1.75%,14.87,10.22
eureka specialita,4,0,183,0,2.19%,0%,19.88,0
water softener for coffee machine,4,5,178,210,2.25%,2.38%,22.38,14.92
s1 vivaldi ii,4,6,173,147,2.31%,4.08%,3.55,4.53
mahlkönig ek43s,4,3,171,156,2.34%,1.92%,16.82,12.68
peak espresso grinder,4,3,168,147,2.38%,2.04%,4.41,4.35
vivaldi ii espresso machine,4,5,158,109,2.53%,4.59%,5.54,5.91
parts of a coffee grinder,4,5,156,159,2.56%,3.14%,7.67,8
la marzocco gs3 used,4,2,152,106,2.63%,1.89%,13.18,14.69
ek43s price,4,6,129,125,3.1%,4.8%,5.07,5.2
e37s ceado,4,2,127,52,3.15%,3.85%,6.39,6.52
slayer single group price,4,1,122,229,3.28%,0.44%,11.02,9.38
spaziale vivaldi s1,4,7,121,74,3.31%,9.46%,3.93,4.36
la marzocco gs3 for sale,4,3,111,63,3.6%,4.76%,10.49,10.92
e61 group head parts,4,9,110,87,3.64%,10.34%,11.05,8.1
unic stella epic,4,2,109,43,3.67%,4.65%,4.8,7.26
coffee repair near me,4,0,105,0,3.81%,0%,5.76,0
espresso machine shower screen,4,0,98,0,4.08%,0%,3.83,0
nuova simonelli bottomless portafilter,4,11,98,95,4.08%,11.58%,6.04,6.98
mahlkonig ek43s review,4,3,95,50,4.21%,6%,6.07,6.22
la spaziale mini,4,0,94,0,4.26%,0%,6.48,0
f64 evo coffee grinder,4,0,91,0,4.4%,0%,4.58,0
shower screen espresso machine,4,0,91,0,4.4%,0%,4.64,0
s1 dream,4,3,80,31,5%,9.68%,5.14,6.19
compak k10 pro barista,4,2,76,55,5.26%,3.64%,7.99,8.87
manual coffee grinder parts,4,5,74,54,5.41%,9.26%,10.65,10.87
alex duetto parts,4,5,69,60,5.8%,8.33%,5.88,6.48
casadio enea on demand,4,5,68,138,5.88%,3.62%,9.03,6.22
vetrano espresso machine,4,11,66,49,6.06%,22.45%,2.42,2.86
quick mill 3240,4,0,66,0,6.06%,0%,21.17,0
fiorenzato f64 evo espresso grinder,4,2,65,38,6.15%,5.26%,3.08,3.95
rocket espresso milano giotto evoluzione,4,0,65,0,6.15%,0%,5.8,0
bloomfield 8572,4,2,64,29,6.25%,6.9%,11.8,11.93
alex izzo duetto,4,6,60,53,6.67%,11.32%,6.08,5.06
bottomless portafilter e61,4,9,59,59,6.78%,15.25%,3.81,3.39
casadio undici compact,4,0,58,0,6.9%,0%,3.31,0
coffee repair shop near me,4,3,58,52,6.9%,5.77%,8.07,7.6
e61 temperature gauge,4,3,57,14,7.02%,21.43%,6.82,16.57
la cimbali portafilter,4,4,55,40,7.27%,10%,6.22,6.97
quick mill vetrano 2b evo review,4,6,54,69,7.41%,8.7%,3.83,3.03
vst 15g basket,4,3,54,37,7.41%,8.11%,6.81,5.92
rocket r nine one vs gs3,4,7,53,69,7.55%,10.14%,4.06,3.87
quick mill carola review,4,12,52,54,7.69%,22.22%,2.25,3.3
fiorenzato f4 e nano,4,4,50,90,8%,4.44%,16.2,10.66
anita evo,4,3,49,19,8.16%,15.79%,1.84,2
rocket r9 one vs gs3,4,0,48,0,8.33%,0%,4,0
rocket espresso plumbing kit,4,0,48,0,8.33%,0%,7.23,0
espresso spoons made in italy,4,5,48,83,8.33%,6.02%,10.46,6.98
quick mill pulsor,4,0,47,0,8.51%,0%,2.94,0
silvano espresso,4,2,46,31,8.7%,6.45%,5.2,6.29
paddle espresso machine,4,1,46,211,8.7%,0.47%,7.72,7.53
ims nanotech e61 shower screen,4,0,45,0,8.89%,0%,9.67,0
casadio undici a2 price,4,2,41,46,9.76%,4.35%,3.88,3.33
profitec steam tip,4,4,41,36,9.76%,11.11%,9.85,7.22
single dose hopper,4,0,40,0,10%,0%,6,0
motta steaming pitcher,4,3,39,29,10.26%,10.34%,3.08,3.45
spaziale dream,4,4,39,26,10.26%,15.38%,4.64,6.85
rancilio silvia 110v boiler & heating element,4,0,38,0,10.53%,0%,5.63,0
izzo pompei espresso machine,4,0,37,0,10.81%,0%,7.43,0
compak grinder parts,4,0,33,0,12.12%,0%,12.12,0
andreja premium profiles,4,0,32,0,12.5%,0%,1.41,0
ceado e5p price,4,0,31,0,12.9%,0%,3.61,0
silvano coffee machine,4,0,29,0,13.79%,0%,2.9,0
15g vst basket,4,3,28,17,14.29%,17.65%,5.36,4.71
nanotech shower screen,4,0,24,0,16.67%,0%,5.54,0
laspaziale dream,4,0,23,0,17.39%,0%,4.87,0
e61 gasket kit,4,12,17,37,23.53%,32.43%,2.29,1.89
what is a vst basket,4,0,17,0,23.53%,0%,3.06,0
la marzocco steam tip,4,0,17,0,23.53%,0%,12.53,0
undici espresso machine,4,0,15,0,26.67%,0%,3,0
quickmill anita evo,4,0,14,0,28.57%,0%,1.86,0
barista pro baskets,4,0,5,0,80%,0%,1.8,0
la marzocco,3,9,4128,2819,0.07%,0.32%,18.7,22.88
slayer coffee machine,3,3,1243,899,0.24%,0.33%,7.51,10.11
appartamento,3,0,647,0,0.46%,0%,8.39,0
blendtec connoisseur 825,3,6,543,571,0.55%,1.05%,9.46,8.47
casadio coffee machine,3,1,422,239,0.71%,0.42%,2.97,5.89
ceado coffee grinder,3,4,384,391,0.78%,1.02%,9.24,8.37
peak coffee grinder,3,1,332,272,0.9%,0.37%,5.78,5.75
blendtec rapid rinser,3,3,305,284,0.98%,1.06%,8.21,7.77
victoria arduino mythos 2,3,0,262,0,1.15%,0%,7.71,0
slayer 1 group,3,4,255,369,1.18%,1.08%,9.01,8.62
vivaldi ii,3,8,245,254,1.22%,3.15%,8.44,9.33
steam tip,3,7,236,234,1.27%,2.99%,2.32,2.97
ceado grinders,3,10,209,248,1.44%,4.03%,8.26,8.17
coffee repair,3,0,195,0,1.54%,0%,13.3,0
rocket espresso r nine one,3,11,187,232,1.6%,4.74%,20.61,10.49
victoria arduino athena leva,3,9,177,150,1.69%,6%,6.71,7.4
coffee maker repair near me,3,2,172,105,1.74%,1.9%,12.78,9.32
ceado e37sd price,3,6,169,82,1.78%,7.32%,6.35,5.55
motta knock box,3,0,166,0,1.81%,0%,15.36,0
rancilio silvia heating element,3,2,164,139,1.83%,1.44%,13.6,10.86
la spaziale s1 mini vivaldi,3,4,157,150,1.91%,2.67%,9.04,10.54
compak e5 grinder,3,6,154,151,1.95%,3.97%,5.44,5.5
coffee repair service,3,5,149,106,2.01%,4.72%,2.58,4.35
mahlkonig k30 air,3,0,146,0,2.05%,0%,8.37,0
reg barber,3,2,145,171,2.07%,1.17%,35.63,39.22
fiorenzato f64evo,3,2,143,94,2.1%,2.13%,7.27,6.83
quick mill silvano evo review,3,9,142,97,2.11%,9.28%,5.74,4.63
fiorenzato f4e nano v2,3,3,142,94,2.11%,3.19%,6.38,5.85
joe frex scale,3,5,134,103,2.24%,4.85%,6.14,4.83
flojet espresso,3,2,132,141,2.27%,1.42%,14.52,14.9
espresso water filter,3,0,132,0,2.27%,0%,15.72,0
gigleur,3,0,131,0,2.29%,0%,10.05,0
mazzer super jolly e,3,0,129,0,2.33%,0%,11.03,0
steaming pitchers,3,0,128,0,2.34%,0%,5.57,0
e37j,3,3,126,105,2.38%,2.86%,5.98,6.12
rocket giotto evo r,3,6,123,119,2.44%,5.04%,6.06,6.34
cheapest double boiler espresso machine,3,3,114,118,2.63%,2.54%,6.66,4.99
baratza sette 270wi review,3,6,111,94,2.7%,6.38%,12.5,11.18
espresso machine maintenance near me,3,0,108,0,2.78%,0%,11.73,0
slayer espresso machines,3,0,108,0,2.78%,0%,12.81,0
f64 grinder,3,6,107,80,2.8%,7.5%,3.97,3.73
mythos ii,3,3,101,94,2.97%,3.19%,9.4,7.6
baristapro nanotech basket,3,6,99,62,3.03%,9.68%,8.34,7.82
silvia boiler,3,0,93,0,3.23%,0%,17.69,0
single dose grinder,3,0,93,0,3.23%,0%,23.11,0
quick mill monza deluxe,3,8,89,71,3.37%,11.27%,3.51,4.23
mahlkonig peak price,3,2,89,53,3.37%,3.77%,6.2,5.36
mahlkonig hopper,3,3,88,103,3.41%,2.91%,5.77,5.25
alex duetto evo,3,18,88,78,3.41%,23.08%,6.24,4.78
mahlkonig peak review,3,4,87,62,3.45%,6.45%,7.49,7.5
motta frothing pitcher,3,5,84,58,3.57%,8.62%,7.14,8.57
quickmill andreja profiles,3,0,83,0,3.61%,0%,9.05,0
alex duetto iii,3,0,82,0,3.66%,0%,9.39,0
espresso machine maintenance company,3,0,82,0,3.66%,0%,12.46,0
coffee machine water pressure regulator,3,9,80,73,3.75%,12.33%,4.56,2.49
quick mill dual boiler,3,11,80,82,3.75%,13.41%,7.29,3.1
cafelat tamping mat,3,0,78,0,3.85%,0%,8.36,0
alex duetto coffee machine,3,0,77,0,3.9%,0%,5.88,0
rocket r58 parts,3,4,77,67,3.9%,5.97%,8.9,7.93
anita coffee machine,3,0,73,0,4.11%,0%,2.89,0
vivi pid,3,2,73,63,4.11%,3.17%,4.85,5.71
eureka mignon specialita espresso grinder,3,0,68,0,4.41%,0%,9.53,0
izzo vivi pid plus,3,2,66,53,4.55%,3.77%,4.91,6.08
espresso machine servicing near me,3,0,66,0,4.55%,0%,8.26,0
e61 portafilter size,3,2,65,62,4.62%,3.23%,9.77,5.87
portland espresso machines,3,0,64,0,4.69%,0%,8.14,0
victoria arduino black eagle 3 group,3,0,63,0,4.76%,0%,10.67,0
coffee maker service near me,3,0,61,0,4.92%,0%,10.62,0
caedo e37s,3,4,60,53,5%,7.55%,5.88,5.92
mahlkönig guatemala,3,0,60,0,5%,0%,7.37,0
eureka mignon specialita retention,3,0,59,0,5.08%,0%,7.39,0
quickmill parts,3,6,59,45,5.08%,13.33%,7.51,6.71
rocket mozzafiato evoluzione r review,3,5,59,98,5.08%,5.1%,10.58,8.35
rancilio silvia e61,3,0,58,0,5.17%,0%,7.09,0
la cimbali junior s1,3,0,58,0,5.17%,0%,12.31,0
eureka mignon specialita review,3,0,58,0,5.17%,0%,23.45,0
cimbali jr,3,3,57,61,5.26%,4.92%,1.37,3.02
quick mill andreja premium espresso machine,3,0,54,0,5.56%,0%,3.24,0
vivaldi mini,3,2,54,31,5.56%,6.45%,4.06,4
izzo alex duetto iv pro,3,3,54,63,5.56%,4.76%,4.11,3.67
faema e61 1 group,3,0,53,0,5.66%,0%,9.7,0
la spaziale espresso machine manual,3,0,51,0,5.88%,0%,5.76,0
casadio a2,3,0,48,0,6.25%,0%,5.33,0
water softener espresso machine,3,0,48,0,6.25%,0%,8.25,0
bottomless portafilter rancilio silvia,3,4,47,40,6.38%,10%,7.98,9.97
espresso repair service,3,0,45,0,6.67%,0%,17.24,0
f64evo grinder,3,0,44,0,6.82%,0%,5.25,0
ims baristapro,3,0,44,0,6.82%,0%,9.64,0
la spaziale mini vivaldi ii parts,3,0,42,0,7.14%,0%,7.05,0
mythos 2 gravimetric,3,0,42,0,7.14%,0%,8.12,0
bristot buongusto,3,3,42,48,7.14%,6.25%,9,9.73
casadio undici a2 review,3,4,41,17,7.32%,23.53%,3.2,1.82
quick mill andreja premium evo review,3,0,41,0,7.32%,0%,5.2,0
ims shower screen e61,3,0,41,0,7.32%,0%,8.1,0
buy espresso machine online,3,0,40,0,7.5%,0%,23.6,0
ep precision basket,3,0,39,0,7.69%,0%,8.13,0
la spaziale mini vivaldi.,3,0,37,0,8.11%,0%,3.49,0
single boiler pid espresso machine,3,0,37,0,8.11%,0%,8.92,0
fiorenzato f64 evo xgi,3,2,37,46,8.11%,4.35%,15.62,9.78
baristapro 20g nanotech precision portafilter basket,3,0,35,0,8.57%,0%,5.17,0
vst 22g basket,3,0,34,0,8.82%,0%,6.03,0
cimbali portafilter,3,0,32,0,9.38%,0%,6.53,0
stella epic,3,0,30,0,10%,0%,4.77,0
barista steam pitcher,3,0,30,0,10%,0%,8.5,0
compak e5 single dosing,3,0,29,0,10.34%,0%,5.76,0
mavea c300,3,5,29,36,10.34%,13.89%,10.79,8.61
italian espresso spoons,3,2,28,36,10.71%,5.56%,21.86,15
vst baskets espresso,3,0,27,0,11.11%,0%,5.37,0
motta pitchers,3,0,27,0,11.11%,0%,6.33,0
la marzocco linea mini parts,3,0,27,0,11.11%,0%,10.19,0
vst ridgeless,3,5,26,44,11.54%,11.36%,7.85,6.23
quickmill 67,3,3,25,25,12%,12%,3.12,4.48
fiorenzato f83e xgi,3,2,25,33,12%,6.06%,5.52,6.27
f4e nano,3,0,24,0,12.5%,0%,15.42,0
naked portafilter e61,3,0,19,0,15.79%,0%,6.95,0
eric's thermometer for exposed e61 groups,3,8,18,27,16.67%,29.63%,2.72,4.52
ims barista pro basket,3,0,16,0,18.75%,0%,3.81,0
la spaziale vivaldi s1 manual,3,0,15,0,20%,0%,2.73,0
quickmill evo 70,3,2,14,14,21.43%,14.29%,8.14,10.86
compak single dose cup,3,0,8,0,37.5%,0%,2.38,0
la spaziale s1 vivaldi ii manual,3,0,6,0,50%,0%,1,0
chris coffee black friday,3,2,6,2,50%,100%,2,1
pressure regulator,2,0,16251,0,0.01%,0%,9.91,0
coffee grinder,2,0,5052,0,0.04%,0%,66.63,0
espresso machine,2,3,3428,4637,0.06%,0.06%,81.54,78.72
commercial espresso machine,2,0,3200,0,0.06%,0%,46.53,0
espresso tamper,2,2,1562,2033,0.13%,0.1%,38.64,29.47
mazzer,2,0,1087,0,0.18%,0%,32.36,0
baratza sette 270,2,5,870,986,0.23%,0.51%,28.37,22.64
mythos 2,2,0,753,0,0.27%,0%,9.17,0
baratza vario w,2,0,690,0,0.29%,0%,10.26,0
nuova simonelli grinder,2,6,662,742,0.3%,0.81%,11.94,9.99
commercial espresso grinder,2,1,479,438,0.42%,0.23%,35.35,42.97
nuova simonelli oscar ii,2,0,456,0,0.44%,0%,28.76,0
eureka mignon,2,0,452,0,0.44%,0%,29.09,0
rocket espresso r58,2,3,400,981,0.5%,0.31%,21.87,13.52
nuova simonelli mythos,2,2,395,321,0.51%,0.62%,7.43,8.7
spring lever,2,1,391,277,0.51%,0.36%,5.65,7
izzo espresso machine,2,6,299,367,0.67%,1.63%,8.42,6.46
baratza 270wi,2,5,294,323,0.68%,1.55%,9.93,9.5
mignon specialita,2,0,277,0,0.72%,0%,13.52,0
ek43 mahlkonig,2,6,267,362,0.75%,1.66%,8.15,6.37
linea mini price,2,0,248,0,0.81%,0%,9.17,0
k30 twin,2,1,241,277,0.83%,0.36%,16.57,12.99
appartamento espresso machine,2,0,235,0,0.85%,0%,8.26,0
ek43 coffee grinder,2,0,233,0,0.86%,0%,7.73,0
rocket espresso mozzafiato,2,4,228,332,0.88%,1.2%,21.5,15.82
commercial coffee maker repair,2,0,226,0,0.88%,0%,12.55,0
ceado 37s,2,4,222,187,0.9%,2.14%,14.06,13.4
la marzocco linea mini price,2,0,221,0,0.9%,0%,9.78,0
keurig k150p,2,1,214,182,0.93%,0.55%,34.07,22.26
parts of coffee grinder machine,2,1,209,293,0.96%,0.34%,8.62,8.71
slayer espresso single group,2,6,192,470,1.04%,1.28%,12.78,10.01
simonelli mythos,2,1,188,212,1.06%,0.47%,7.69,8.18
giotto evoluzione,2,0,181,0,1.1%,0%,13.15,0
andreja espresso machine,2,5,179,165,1.12%,3.03%,2.74,3.13
compak k10,2,12,179,456,1.12%,2.63%,14.58,7.69
double boiler espresso machines,2,1,177,187,1.13%,0.53%,7.56,7.04
dual boiler espresso,2,3,166,223,1.2%,1.35%,22.55,14.93
andreja premium by quick mill,2,3,165,141,1.21%,2.13%,2.18,2.47
pressure stat,2,0,159,0,1.26%,0%,6.36,0
espresso grinder parts,2,2,156,187,1.28%,1.07%,8.17,7.23
curtis g3 brewer,2,3,150,135,1.33%,2.22%,9.5,9.64
cafelat knock box,2,5,147,151,1.36%,3.31%,11.14,7.74
coffee grinder tray,2,0,139,0,1.44%,0%,8.68,0
compak e5 od,2,0,137,0,1.46%,0%,8.75,0
baratza sette 270wi espresso grinder,2,0,134,0,1.49%,0%,8.75,0
coffee machine service and repair,2,5,132,74,1.52%,6.76%,3.48,4.14
spaziale s1,2,3,129,93,1.55%,3.23%,5.39,8.31
mahlkonig ek43 price,2,0,126,0,1.59%,0%,9.01,0
ulka pumps,2,0,126,0,1.59%,0%,14.94,0
simonelli mythos grinder,2,0,123,0,1.63%,0%,8.4,0
baratza encore grinder,2,2,114,245,1.75%,0.82%,68.46,33.24
compak e5 review,2,4,111,60,1.8%,6.67%,6.23,5.98
ek43 vs ek43s,2,0,110,0,1.82%,0%,7.25,0
fiorenzato f4 nano,2,5,110,140,1.82%,3.57%,10.88,7.35
quickmill monza,2,6,108,108,1.85%,5.56%,15.68,11.13
guatemala grinder,2,4,107,89,1.87%,4.49%,3.61,3.33
s1 mini vivaldi,2,7,106,110,1.89%,6.36%,7.76,8.37
mahlkonig e65s price,2,2,104,92,1.92%,2.17%,8.81,7.62
cafelat mirror tamping stand,2,2,103,199,1.94%,1.01%,5.23,2.55
rocket giotto evoluzione r review,2,5,101,75,1.98%,6.67%,7.15,6
simonelli g60,2,3,100,61,2%,4.92%,4.64,3.26
baratza vario steel burrs,2,5,100,118,2%,4.24%,9.91,9.58
plumbed superautomatic espresso machine,2,0,100,0,2%,0%,10.68,0
anita coffee,2,0,99,0,2.02%,0%,6.04,0
la spaziale vivaldi 2,2,0,98,0,2.04%,0%,6.65,0
slayer espresso machine for sale,2,4,95,108,2.11%,3.7%,13.28,11.24
rocket faustino,2,0,95,0,2.11%,0%,29.31,0
mazzer super jolly price,2,3,94,35,2.13%,8.57%,6.85,8.66
mahlkonig guatemala 710,2,2,93,57,2.15%,3.51%,7.39,5.63
prosumer espresso machines,2,0,91,0,2.2%,0%,24.31,0
vst coffee basket,2,4,87,98,2.3%,4.08%,7.1,6.21
ceado espresso grinder,2,0,87,0,2.3%,0%,8.11,0
simonelli g60 grinder,2,3,85,50,2.35%,6%,4.67,3.46
unic mira espresso machine,2,0,85,0,2.35%,0%,5.41,0
rocket r58 review,2,4,85,121,2.35%,3.31%,18.16,13.23
vivaldi espresso,2,2,83,57,2.41%,3.51%,4.67,7.21
mazzer robur s electronic,2,0,81,0,2.47%,0%,8.47,0
mignon grinder,2,0,81,0,2.47%,0%,14,0
single boiler vs double boiler,2,2,80,82,2.5%,2.44%,7.81,7.93
chicago electric timer,2,0,79,0,2.53%,0%,8.42,0
ceado e37s quick set,2,0,79,0,2.53%,0%,9.08,0
quick mill carola 0960,2,2,78,38,2.56%,5.26%,4.86,6.97
vivaldi 2 espresso machine,2,2,77,19,2.6%,10.53%,4.95,5.68
g60 grinder,2,5,77,109,2.6%,4.59%,5.14,3.83
slayer portafilter,2,4,77,52,2.6%,7.69%,8.7,9.94
la marzocco gs3 av review,2,0,76,0,2.63%,0%,8.83,0
ims nanotech shower screen,2,3,75,62,2.67%,4.84%,8.92,9.39
vst ridgeless basket,2,6,74,73,2.7%,8.22%,6.12,5.44
la marzoco linea mini,2,0,74,0,2.7%,0%,9.22,0
undici a2,2,3,73,53,2.74%,5.66%,4.89,3.96
quickmill carola evo,2,6,72,45,2.78%,13.33%,6.85,7.96
ceado e37s price,2,2,71,53,2.82%,3.77%,5.44,5.81
ulka efx5,2,0,71,0,2.82%,0%,8.55,0
ims precision basket,2,0,68,0,2.94%,0%,7.5,0
hot water wand,2,3,66,56,3.03%,5.36%,5.3,4.66
vst espresso,2,0,66,0,3.03%,0%,6.53,0
cappuccino machine repair near me,2,0,66,0,3.03%,0%,7.05,0
carola quick mill,2,3,65,34,3.08%,8.82%,4.78,7.53
quick mill coffee,2,0,65,0,3.08%,0%,8.66,0
ceado e37s canada,2,0,64,0,3.12%,0%,9.81,0
monza deluxe,2,7,63,67,3.17%,10.45%,3.6,3.25
espresso water filter system,2,5,63,55,3.17%,9.09%,10,9.09
vst portafilter,2,0,62,0,3.23%,0%,7.24,0
f64evo,2,5,61,72,3.28%,6.94%,5.54,6.21
coffee equipment portland,2,0,61,0,3.28%,0%,7.2,0
cafelat corner tamping mat,2,0,61,0,3.28%,0%,7.98,0
coffee equipment nyc,2,0,61,0,3.28%,0%,10.1,0
industrial coffee filter,2,0,61,0,3.28%,0%,10.39,0
s1 espresso machine,2,6,60,61,3.33%,9.84%,2.7,3.75
laspaziale s1,2,0,60,0,3.33%,0%,4.55,0
cafelat milk pitcher,2,2,60,63,3.33%,3.17%,7.92,9.37
eureka mignon specialita grinder,2,0,60,0,3.33%,0%,13.52,0
quickmill carola 0960,2,0,59,0,3.39%,0%,5.02,0
qm67 espresso,2,4,58,57,3.45%,7.02%,3.1,2.82
group gaskets,2,0,58,0,3.45%,0%,5.83,0
quickmill qm67 evo,2,7,57,52,3.51%,13.46%,5.72,6.98
single vs dual boiler espresso,2,3,56,22,3.57%,13.64%,7.39,7.05
eccellenza italiana dal 1912 price,2,0,56,0,3.57%,0%,9.29,0
izzo alex duetto evo,2,10,55,82,3.64%,12.2%,4.98,5.51
compak e5 espresso grinder,2,3,55,42,3.64%,7.14%,5.13,4.83
shower screen coffee machine,2,0,55,0,3.64%,0%,5.58,0
rapid rinser station,2,0,55,0,3.64%,0%,5.91,0
commercial coffee machine repair,2,0,55,0,3.64%,0%,12.29,0
andreja quick mill,2,2,54,32,3.7%,6.25%,2.87,3.19
vivi espresso machine,2,0,53,0,3.77%,0%,3.85,0
italian espresso grinder,2,0,52,0,3.85%,0%,5.67,0
double boiler home espresso machine,2,0,52,0,3.85%,0%,10.37,0
compak e6 grinder,2,2,52,38,3.85%,5.26%,13.69,9.63
rocket mozzafiato review,2,5,51,57,3.92%,8.77%,12.47,10
4 hole steam tip,2,8,50,30,4%,26.67%,5.06,3.33
compak f10 grinder,2,3,50,45,4%,6.67%,10.32,5.67
la spaziale dream espresso machine,2,0,49,0,4.08%,0%,3.84,0
malkonig peak,2,0,49,0,4.08%,0%,5.98,0
quickmill espresso machine,2,4,49,37,4.08%,10.81%,6.24,7.41
dual boiler coffee machine,2,3,49,98,4.08%,3.06%,31.16,17.22
la cimbali junior dt1,2,2,48,41,4.17%,4.88%,3.25,8.17
e61 naked portafilter,2,7,48,56,4.17%,12.5%,6.12,5.41
carola evo,2,6,47,53,4.26%,11.32%,5.57,6.43
caedo e5p,2,0,47,0,4.26%,0%,5.79,0
spring lever espresso machine,2,0,47,0,4.26%,0%,13.66,0
vesuvius espresso review,2,0,45,0,4.44%,0%,3.87,0
e37t,2,0,45,0,4.44%,0%,5.02,0
ceado grinder e37s,2,0,45,0,4.44%,0%,6.84,0
f64e grinder,2,3,45,117,4.44%,2.56%,6.93,5.74
athena leva,2,0,45,0,4.44%,0%,7.73,0
coffee maker tubing,2,0,44,0,4.55%,0%,9.23,0
sette 270 espresso setting,2,0,44,0,4.55%,0%,10.39,0
fiorenzato f83e,2,0,44,0,4.55%,0%,10.68,0
quick mill dual boiler qm67 evo,2,0,42,0,4.76%,0%,3.17,0
mahlkonig guatemala burrs,2,0,41,0,4.88%,0%,10.78,0
ceado e37j electronic coffee grinder,2,0,40,0,5%,0%,7.62,0
spaziale mini vivaldi,2,0,39,0,5.13%,0%,4.41,0
hibiscus latte,2,2,38,64,5.26%,3.12%,11.61,10.98
dual boiler home espresso machine,2,0,38,0,5.26%,0%,13.26,0
mazzer major doser,2,0,37,0,5.41%,0%,7.35,0
group head cleaning brush,2,2,37,40,5.41%,5%,10.43,12.43
large tamping mat,2,0,36,0,5.56%,0%,7,0
e37j ceado,2,0,35,0,5.71%,0%,6.06,0
dual boiler pid espresso machine,2,0,35,0,5.71%,0%,20.4,0
e37sd grinder,2,2,34,58,5.88%,3.45%,5.09,6.5
linea mini sale,2,0,34,0,5.88%,0%,9.26,0
cheap dual boiler espresso machine,2,0,34,0,5.88%,0%,13.09,0
online espresso machine,2,0,33,0,6.06%,0%,11.45,0
fiorenzato xgi,2,0,32,0,6.25%,0%,11.12,0
faema e61 single group,2,4,32,29,6.25%,13.79%,17.81,12.21
wdt cup,2,0,31,0,6.45%,0%,9.55,0
izzo vivi pro,2,2,30,55,6.67%,3.64%,3.97,5.18
vst 18g ridgeless basket,2,0,30,0,6.67%,0%,6.9,0
la speziale dream,2,0,30,0,6.67%,0%,7.63,0
online espresso machine sales,2,4,30,37,6.67%,10.81%,11.87,10.46
ims the single,2,0,30,0,6.67%,0%,12.93,0
portafilter gauge,2,0,29,0,6.9%,0%,8.59,0
e61 group head gasket kit,2,0,29,0,6.9%,0%,10.45,0
reg barber tampers,2,0,29,0,6.9%,0%,19.48,0
e61 group head service kit,2,0,29,0,6.9%,0%,20.83,0
slayer price,2,0,28,0,7.14%,0%,7.25,0
20 amp to 15 amp converter,2,0,28,0,7.14%,0%,8.36,0
mazzer robur s review,2,0,28,0,7.14%,0%,9.68,0
rocket espresso parts,2,0,27,0,7.41%,0%,19.19,0
blendtec connoisseur 825 blender,2,2,26,35,7.69%,5.71%,7.92,6.57
mazzer robur s price,2,0,26,0,7.69%,0%,8.81,0
coffee machines repair service,2,0,26,0,7.69%,0%,20.58,0
quick mill pid,2,3,25,17,8%,17.65%,6.88,6.12
vetrano 2b evo espresso machine,2,0,24,0,8.33%,0%,2.17,0
spring lever espresso,2,0,24,0,8.33%,0%,9.79,0
casadio enea od,2,0,23,0,8.7%,0%,6.83,0
quick mill lever,2,0,23,0,8.7%,0%,7.52,0
compak pkf,2,2,23,15,8.7%,13.33%,19.52,16.47
ims pro barista nano filter basket,2,0,22,0,9.09%,0%,6.41,0
f64 evo xgi,2,0,21,0,9.52%,0%,7.1,0
faema e61 legend 1 group,2,0,20,0,10%,0%,6.75,0
coffee water softener,2,2,19,3,10.53%,66.67%,4.95,3.33
vst filter espresso,2,0,19,0,10.53%,0%,7.47,0
rancilio bottomless,2,0,19,0,10.53%,0%,12.21,0
la spaziale dream t review,2,0,18,0,11.11%,0%,4,0
3/8 bsp to 3/8 compression,2,0,18,0,11.11%,0%,6.78,0
quickmill andrea,2,0,18,0,11.11%,0%,8.17,0
10 micron carbon block filter,2,0,18,0,11.11%,0%,10.61,0
cimbali junior espresso machine,2,0,17,0,11.76%,0%,1.88,0
53mm filter basket shop,2,0,15,0,13.33%,0%,6.87,0
ceme pressurestat,2,0,15,0,13.33%,0%,11.47,0
vst basket 20g,2,3,14,29,14.29%,10.34%,4.79,6.41
e61 temperature sensor,2,2,14,5,14.29%,40%,9.5,7
ek-43s,2,0,14,0,14.29%,0%,11.29,0
motta 8250,2,0,13,0,15.38%,0%,11.38,0
cimbali price,2,0,13,0,15.38%,0%,13.69,0
izzo alex duetto 2,2,0,13,0,15.38%,0%,14.77,0
quickmill carola test,2,0,13,0,15.38%,0%,22.31,0
ristretto brew ratio,2,0,12,0,16.67%,0%,9.83,0
rocket appartamento sale,2,0,11,0,18.18%,0%,11.82,0
espresso vesuvius,2,2,10,7,20%,28.57%,3.5,2.43
slayer espresso single,2,0,9,0,22.22%,0%,10.44,0
ecm 4 hole steam tip,2,0,9,0,22.22%,0%,21.67,0
ceado e37s sale,2,0,8,0,25%,0%,6.38,0
espresso machine thermometer,2,0,8,0,25%,0%,8.88,0
compak e6 review,2,0,8,0,25%,0%,15.38,0
rocket mozzafiato type v timer,2,0,7,0,28.57%,0%,7.29,0
rocket r nine one erfahrungen,2,2,7,14,28.57%,14.29%,19,18.71
espro toroid 2 pitcher 12 oz,2,0,5,0,40%,0%,14.2,0
vesuvio espresso,2,0,4,0,50%,0%,4.25,0
chris coffee service albany ny,2,3,3,6,66.67%,50%,3.67,2.33
quick mill bottomless portafilter,2,0,2,0,100%,0%,2.5,0
portafilter,1,0,6995,0,0.01%,0%,15.73,0
espresso machines,1,1,5085,4630,0.02%,0.02%,68.75,63.96
pressure regulating valve,1,0,2875,0,0.03%,0%,12.38,0
coffee grinders,1,0,2869,0,0.03%,0%,56.8,0
rancilio silvia,1,6,2816,2965,0.04%,0.2%,39.59,26.88
coffee service,1,0,2748,0,0.04%,0%,44.25,0
k cups,1,0,2477,0,0.04%,0%,48.71,0
baratza encore,1,2,1853,2071,0.05%,0.1%,66.84,40.13
ceado,1,10,1828,1594,0.05%,0.63%,10.96,14.23
pressure regulator valve,1,0,1713,0,0.06%,0%,4.75,0
lavazza coffee,1,0,1661,0,0.06%,0%,36.85,0
rancilio rocky,1,1,1422,834,0.07%,0.12%,25.78,32.82
steaming pitcher,1,0,1388,0,0.07%,0%,6.47,0
mahlkonig,1,6,1374,2539,0.07%,0.24%,26.14,13.3
coffee espresso machine,1,0,1322,0,0.08%,0%,63.91,0
r58,1,0,1280,0,0.08%,0%,7.56,0
regulating valve,1,0,1216,0,0.08%,0%,12.6,0
kcups,1,0,1189,0,0.08%,0%,47.16,0
knock box,1,1,1042,945,0.1%,0.11%,55.6,46.54
black pearl,1,0,923,0,0.11%,0%,57.59,0
laspaziale,1,3,889,159,0.11%,1.89%,5.64,13.08
grinder parts,1,0,860,0,0.12%,0%,16.39,0
green bean coffee,1,0,780,0,0.13%,0%,36.48,0
coffee suppliers,1,8,769,1173,0.13%,0.68%,22.43,14.31
nuova simonelli,1,1,764,1304,0.13%,0.08%,46.03,34.71
best commercial espresso machine,1,0,759,0,0.13%,0%,47.21,0
espresso machine repair,1,4,717,697,0.14%,0.57%,44.88,24.01
bristot,1,1,712,648,0.14%,0.15%,33.58,32.94
rancilio silvia espresso machine,1,0,701,0,0.14%,0%,43.29,0
espro tamper,1,3,673,832,0.15%,0.36%,15.87,13.13
espresso tampers,1,2,641,429,0.16%,0.47%,30.8,20.49
victoria arduino black eagle,1,1,616,291,0.16%,0.34%,16.72,18.52
mahlkonig grinder,1,1,577,1784,0.17%,0.06%,31.82,10.66
pressure reduction valve,1,0,564,0,0.18%,0%,7.86,0
rancilio rocky doserless,1,0,562,0,0.18%,0%,14.75,0
izzo espresso,1,3,546,641,0.18%,0.47%,35.34,29.55
tarrazu coffee,1,4,538,683,0.19%,0.59%,24.66,12.76
eureka atom,1,0,534,0,0.19%,0%,26.61,0
portafilters,1,3,524,389,0.19%,0.77%,10.77,9.6
nuova simonelli oscar 2,1,0,519,0,0.19%,0%,39.58,0
silvano,1,1,483,235,0.21%,0.43%,19.12,26.06
bristot coffee,1,0,472,0,0.21%,0%,46,0
best espresso grinder,1,0,445,0,0.22%,0%,49.94,0
lavazza top class,1,3,434,371,0.23%,0.81%,38.7,42.84
rocket espresso giotto,1,1,422,571,0.24%,0.18%,19.37,16.18
evo coffee,1,0,404,0,0.25%,0%,12.52,0
coffee machine service,1,2,403,199,0.25%,1.01%,27.76,21.42
coffee knock box,1,1,394,544,0.25%,0.18%,47.85,32.49
mazzer mini espresso grinder,1,1,381,162,0.26%,0.62%,10.85,11.59
linea mini la marzocco,1,1,368,214,0.27%,0.47%,9.31,9.75
coffee service near me,1,0,368,0,0.27%,0%,65.55,0
rocket fausto grinder,1,3,344,300,0.29%,1%,9.17,8.33
commercial espresso,1,0,334,0,0.3%,0%,37.54,0
victoria arduino white eagle,1,0,324,0,0.31%,0%,18.76,0
rocket apartamento,1,0,323,0,0.31%,0%,8.63,0
2 group espresso machine,1,7,320,495,0.31%,1.41%,16.3,8.5
cimbali espresso,1,0,317,0,0.32%,0%,9.54,0
mazzer robur,1,0,316,0,0.32%,0%,32.62,0
sette 270,1,2,313,492,0.32%,0.41%,23.53,17
super jolly,1,0,302,0,0.33%,0%,16.65,0
mythos coffee grinder,1,0,299,0,0.33%,0%,25.54,0
cimbali m21,1,2,293,211,0.34%,0.95%,15.64,19.67
rocket evoluzione r,1,1,289,324,0.35%,0.31%,14.85,10.9
mahlkonig ek43 coffee grinder,1,1,287,178,0.35%,0.56%,17.16,19.35
58mm tamper,1,3,287,388,0.35%,0.77%,23.01,32.66
blendtec stealth 885,1,0,275,0,0.36%,0%,43.68,0
casadio espresso,1,5,273,211,0.37%,2.37%,6.73,7.45
ceado e37s grinder,1,2,260,235,0.38%,0.85%,5.37,4.68
mazzer major,1,0,258,0,0.39%,0%,36.21,0
rocket espresso appartamento espresso machine,1,5,246,203,0.41%,2.46%,9.09,7.99
unic espresso machine,1,0,243,0,0.41%,0%,10.26,0
appartamento rocket,1,1,237,208,0.42%,0.48%,12.04,10.03
stealth 885,1,0,224,0,0.45%,0%,13.83,0
rancilio silvia pid,1,0,222,0,0.45%,0%,45.4,0
rocket espresso review,1,1,221,258,0.45%,0.39%,23.01,17.81
compak grinders,1,3,220,489,0.45%,0.61%,20.43,19.54
blendtec ez 600,1,1,219,258,0.46%,0.39%,8.07,7.76
eureka grinder,1,0,219,0,0.46%,0%,22.97,0
how to descale espresso machine,1,0,211,0,0.47%,0%,22.71,0
rocket espresso milano,1,0,204,0,0.49%,0%,40.66,0
cafelat tamping stand,1,2,203,215,0.49%,0.93%,10.2,9.72
espresso machine repairs,1,0,199,0,0.5%,0%,32.88,0
rancilio silvia m,1,2,191,386,0.52%,0.52%,14.66,11.66
unic coffee machine,1,0,190,0,0.53%,0%,10.7,0
rocket apartmento,1,1,188,187,0.53%,0.53%,9.01,8.55
mythos one,1,0,186,0,0.54%,0%,12.81,0
baratza sette 270 review,1,0,183,0,0.55%,0%,30.97,0
eureka atom grinder,1,0,182,0,0.55%,0%,12.85,0
baratza encore coffee grinder,1,1,182,365,0.55%,0.27%,71.81,37.08
rinser,1,0,181,0,0.55%,0%,16.56,0
unic twin mira,1,0,177,0,0.56%,0%,9.8,0
quick espresso,1,0,177,0,0.56%,0%,18.93,0
commercial k cup machine,1,0,177,0,0.56%,0%,31.24,0
electrical parts,1,0,175,0,0.57%,0%,75.62,0
costa rican tarrazu,1,1,174,299,0.57%,0.33%,15.53,11.26
cafelat microfiber cloths,1,0,172,0,0.58%,0%,18.89,0
mahlkonig espresso grinder,1,0,171,0,0.58%,0%,16.19,0
commercial espresso machine repair,1,0,167,0,0.6%,0%,10.4,0
coffee machine new york,1,0,164,0,0.61%,0%,5.99,0
specialita grinder,1,0,164,0,0.61%,0%,9.52,0
alex duetto 3,1,2,164,189,0.61%,1.06%,9.66,6.63
lavazza wholesale,1,0,164,0,0.61%,0%,27.71,0
bunn lpg,1,4,162,180,0.62%,2.22%,9.6,7.22
fiorenzato coffee grinder,1,0,159,0,0.63%,0%,23.89,0
bunn grinder,1,1,158,343,0.63%,0.29%,31.35,8.13
rancilio silvia portafilter,1,0,154,0,0.65%,0%,9.73,0
e37s grinder,1,3,150,123,0.67%,2.44%,6.35,5.35
tamping stand,1,1,150,234,0.67%,0.43%,12.71,8.56
male junction,1,0,148,0,0.68%,0%,6.92,0
k3 grinder,1,0,146,0,0.68%,0%,11.54,0
bulk coffee grinder,1,1,143,201,0.7%,0.5%,19.29,17.66
rocket portafilter,1,0,142,0,0.7%,0%,16.68,0
izzo duetto,1,6,141,119,0.71%,5.04%,6.09,5.84
rocket espresso mozzafiato evoluzione r,1,4,139,222,0.72%,1.8%,18.94,14.02
compak k3 touch advanced,1,3,133,113,0.75%,2.65%,12.52,8.59
nuova simonelli mythos grinder,1,0,125,0,0.8%,0%,7.26,0
quick mill coffee machine,1,0,124,0,0.81%,0%,11.77,0
double boiler coffee machine,1,0,123,0,0.81%,0%,14.23,0
rocket type v,1,2,121,119,0.83%,1.68%,21.48,20.97
espresso machine water filter,1,0,119,0,0.84%,0%,22.29,0
commercial coffee grinder parts,1,0,118,0,0.85%,0%,7.47,0
la spaziale dream s1,1,0,116,0,0.86%,0%,8.93,0
compak espresso grinder,1,0,116,0,0.86%,0%,9.61,0
mahlkönig peak,1,0,116,0,0.86%,0%,28.26,0
ek43 price,1,2,115,85,0.87%,2.35%,6.7,6.56
cimbali parts,1,0,115,0,0.87%,0%,46.77,0
mazzer grinder parts,1,0,114,0,0.88%,0%,10.92,0
quick mill achille pid,1,0,113,0,0.88%,0%,13.07,0
best prosumer espresso machine,1,0,113,0,0.88%,0%,36,0
ceado 37sd,1,0,110,0,0.91%,0%,6.53,0
la spaziale vivaldi ii s1,1,0,110,0,0.91%,0%,17.43,0
espresso shower screen,1,2,109,81,0.92%,2.47%,6.06,6.36
coffeeparts,1,0,109,0,0.92%,0%,24.32,0
la spaziale espresso,1,0,108,0,0.93%,0%,12.08,0
r58 rocket,1,0,108,0,0.93%,0%,13.78,0
casadio undici a1,1,6,107,75,0.93%,8%,4.04,6.37
unic espresso machine price,1,0,107,0,0.93%,0%,7.19,0
mythos clima pro,1,3,106,127,0.94%,2.36%,9.37,6.56
ims baskets,1,0,104,0,0.96%,0%,10.37,0
quick mill espresso machine review,1,8,102,128,0.98%,6.25%,7.1,6.91
coffee equipment company,1,0,102,0,0.98%,0%,22.15,0
cimbali junior dt1,1,2,101,83,0.99%,2.41%,7.4,12.67
flood buzz pro,1,0,101,0,0.99%,0%,10.34,0
espresso machine boiler,1,0,101,0,0.99%,0%,29.27,0
la spaziale mini vivaldi ii espresso machine,1,7,100,73,1%,9.59%,4.04,5.49
vivaldi 2,1,2,100,101,1%,1.98%,8.74,6.91
linea mini white,1,0,99,0,1.01%,0%,9.96,0
r nine one,1,3,98,184,1.02%,1.63%,10.02,8.04
izzo alex duetto ii,1,0,98,0,1.02%,0%,10.23,0
steam pitcher rinser,1,0,97,0,1.03%,0%,6.65,0
chicago electric digital timer,1,0,97,0,1.03%,0%,9.21,0
italian coffee grinders,1,0,97,0,1.03%,0%,9.52,0
la cimbali m21 junior dt1,1,0,97,0,1.03%,0%,17.64,0
quickmill evolution 70,1,6,97,174,1.03%,3.45%,24.19,27.41
ims single basket,1,0,96,0,1.04%,0%,8.75,0
quick mill vetrano 2b evo 0995,1,0,96,0,1.04%,0%,14.32,0
la cimbali junior espresso machine,1,8,95,110,1.05%,7.27%,8.65,5.81
slayer espresso 1 group,1,0,95,0,1.05%,0%,8.79,0
izzo alex leva,0,28,0,277,0%,10.11%,0,13.68
faema e61,0,21,0,2515,0%,0.83%,0,15.35
chris's coffee albany new york,0,21,0,30,0%,70%,0,2.87
compak e10,0,13,0,228,0%,5.7%,0,9.08
chris coffee reviews,0,11,0,33,0%,33.33%,0,1.82
vesuvius espresso machine review,0,9,0,62,0%,14.52%,0,4.05
la cimbali jr,0,9,0,60,0%,15%,0,2.97
58.35mm tamper,0,9,0,57,0%,15.79%,0,4.77
lmlm espresso machine,0,9,0,24,0%,37.5%,0,1.5
rocket espresso,0,8,0,1899,0%,0.42%,0,32.83
faema e61 legend,0,8,0,365,0%,2.19%,0,10.78
alex leva,0,8,0,121,0%,6.61%,0,9.11
compak e8 grinder,0,7,0,66,0%,10.61%,0,6.94
alex duetto iv plus review,0,7,0,27,0%,25.93%,0,3.07
rancilio,0,6,0,11214,0%,0.05%,0,13.66
espresso parts,0,6,0,1274,0%,0.47%,0,25.48
la marzocco gb5,0,6,0,1172,0%,0.51%,0,19.87
keurig k150,0,6,0,542,0%,1.11%,0,16.54
rocket mozzafiato evoluzione r,0,6,0,438,0%,1.37%,0,13.99
lavazza gran espresso,0,6,0,321,0%,1.87%,0,10.54
faema e61 price,0,6,0,113,0%,5.31%,0,5.81
rancilio silvia black espresso machine w/ pid,0,6,0,112,0%,5.36%,0,6.62
espresso machine 2 group,0,6,0,103,0%,5.83%,0,8.26
rocket nine one,0,6,0,96,0%,6.25%,0,8.61
rocket r nine one price,0,6,0,91,0%,6.59%,0,6.3
espresso machine new york,0,6,0,58,0%,10.34%,0,4
izzo lever espresso machine,0,6,0,34,0%,17.65%,0,4.88
monza evo deluxe,0,6,0,33,0%,18.18%,0,2.09
quick mill evolution 70 review,0,6,0,19,0%,31.58%,0,2.74
vetrano coffee,0,6,0,14,0%,42.86%,0,1.29
la cimbali espresso machine,0,5,0,358,0%,1.4%,0,12.26
53mm tamper,0,5,0,285,0%,1.75%,0,16.49
rocket r58 amazon,0,5,0,123,0%,4.07%,0,7.72
faema legend,0,5,0,116,0%,4.31%,0,7.86
ambient espresso vesuvius,0,5,0,95,0%,5.26%,0,12.45
best dual boiler espresso machine for home,0,5,0,82,0%,6.1%,0,10.48
nuova simonelli appia 1,0,5,0,78,0%,6.41%,0,7.73
simonelli appia 2 price,0,5,0,74,0%,6.76%,0,11.82
quick mill silvano review,0,5,0,73,0%,6.85%,0,7.45
mahlkoenig peak,0,5,0,72,0%,6.94%,0,6.19
casadio enea on demand grinder,0,5,0,57,0%,8.77%,0,4.3
vst basket amazon,0,5,0,50,0%,10%,0,6.5
casadio enea grinder manual,0,5,0,43,0%,11.63%,0,6.35
izzo leva,0,5,0,37,0%,13.51%,0,10.86
faema e61 legend 2 group,0,5,0,27,0%,18.52%,0,4.48
compak grinder,0,4,0,857,0%,0.47%,0,6.98
fetco coffee brewer,0,4,0,469,0%,0.85%,0,10.29
cimbali espresso machine,0,4,0,426,0%,0.94%,0,12.63
mahlkönig ek43,0,4,0,229,0%,1.75%,0,21.41
alex duetto ii,0,4,0,185,0%,2.16%,0,7.04
ims shower screen,0,4,0,146,0%,2.74%,0,12.76
unic tango,0,4,0,125,0%,3.2%,0,7.02
cheapest dual boiler espresso machine,0,4,0,116,0%,3.45%,0,4.63
izzo alex duetto iii,0,4,0,111,0%,3.6%,0,7.42
alex espresso machine,0,4,0,105,0%,3.81%,0,5.3
mahlkonig guatemala grinder,0,4,0,101,0%,3.96%,0,4.49
casadio undici precio,0,4,0,100,0%,4%,0,5.93
alex espresso,0,4,0,84,0%,4.76%,0,4.56
joefrex scale,0,4,0,79,0%,5.06%,0,5.33
coffee pitcher rinser,0,4,0,78,0%,5.13%,0,10.28
compak k3 review,0,4,0,67,0%,5.97%,0,8.1
rocket giotto review,0,4,0,65,0%,6.15%,0,10.58
steam wand tip replacement,0,4,0,61,0%,6.56%,0,6.23
baratza hopper,0,4,0,60,0%,6.67%,0,8.78
mahlkonig e65s review,0,4,0,56,0%,7.14%,0,13.04
fiorenzato f64 e,0,4,0,43,0%,9.3%,0,10
vetrano quick mill,0,4,0,41,0%,9.76%,0,3.1
vst basket espresso,0,4,0,41,0%,9.76%,0,4.46
vst 18g,0,4,0,38,0%,10.53%,0,8
precision basket,0,4,0,35,0%,11.43%,0,5.46
mahlkonig ek43 vs ek43s,0,4,0,34,0%,11.76%,0,6.09
monza deluxe 5008,0,4,0,31,0%,12.9%,0,4.84
commercial coffee machine service,0,4,0,29,0%,13.79%,0,8.03
best single dose grinder,0,4,0,24,0%,16.67%,0,19.08
rocket steam tips,0,4,0,23,0%,17.39%,0,11.78
vivaldi ii espresso,0,4,0,17,0%,23.53%,0,5.06
motta europa pitcher,0,4,0,16,0%,25%,0,6.12
marzocco linea mini,0,3,0,899,0%,0.33%,0,20.78
bottomless portafilter,0,3,0,493,0%,0.61%,0,27.41
rocket r58 v2,0,3,0,265,0%,1.13%,0,12.27
izzo coffee machine,0,3,0,212,0%,1.42%,0,6.57
mahlkonig grinder ek43,0,3,0,212,0%,1.42%,0,7.55
linea mini used,0,3,0,205,0%,1.46%,0,9.51
270wi,0,3,0,159,0%,1.89%,0,8.65
portafilter parts,0,3,0,129,0%,2.33%,0,8.25
tamper 53mm,0,3,0,129,0%,2.33%,0,9.96
izzo coffee,0,3,0,127,0%,2.36%,0,7.4
quick mill achille 0996,0,3,0,114,0%,2.63%,0,17.24
rocket fausto review,0,3,0,103,0%,2.91%,0,10.83
mahlkonig k30 vario,0,3,0,100,0%,3%,0,19.93
rapid rinser blendtec,0,3,0,99,0%,3.03%,0,8.52
rocket r91,0,3,0,98,0%,3.06%,0,11.29
alex izzo,0,3,0,91,0%,3.3%,0,4.98
compak f8,0,3,0,90,0%,3.33%,0,8.87
rancilio silvia boiler replacement,0,3,0,89,0%,3.37%,0,7.2
office coffee machine service,0,3,0,87,0%,3.45%,0,43.43
la marzocco linea mini review,0,3,0,86,0%,3.49%,0,17.6
stainless steel knock box,0,3,0,83,0%,3.61%,0,9.43
nuova simonelli mythos one,0,3,0,80,0%,3.75%,0,11.64
baratza virtuoso+,0,3,0,79,0%,3.8%,0,23.76
used slayer espresso machine,0,3,0,76,0%,3.95%,0,10.91
casadio undici 2 group,0,3,0,72,0%,4.17%,0,4.78
water softener for espresso machine,0,3,0,71,0%,4.23%,0,9.9
espresso machine store,0,3,0,71,0%,4.23%,0,27.56
lavazza gran espresso review,0,3,0,67,0%,4.48%,0,11.49
duetto espresso machine,0,3,0,65,0%,4.62%,0,4.2
vst 20g basket,0,3,0,65,0%,4.62%,0,9.62
quick mill vetrano 2b de,0,3,0,65,0%,4.62%,0,14.57
la cimbali junior casa dt1,0,3,0,57,0%,5.26%,0,3.35
r nine one rocket,0,3,0,57,0%,5.26%,0,7.51
la cimbali m21 junior espresso machine,0,3,0,56,0%,5.36%,0,11.3
espro calibrated flat tamper,0,3,0,54,0%,5.56%,0,6.04
la spaziale mini vivaldi ii review,0,3,0,54,0%,5.56%,0,8.87
mahlkonig ek43s price,0,3,0,53,0%,5.66%,0,4.91
coffee grinder catch tray,0,3,0,52,0%,5.77%,0,8.4
rocket giotto v1,0,3,0,51,0%,5.88%,0,6.8
izzo espresso machine reviews,0,3,0,50,0%,6%,0,6.54
kris coffee,0,3,0,48,0%,6.25%,0,10.25
ceado e37j vs e37s,0,3,0,46,0%,6.52%,0,10.13
rocket giotto type r,0,3,0,45,0%,6.67%,0,8.29
la marzocco linea mini sale,0,3,0,44,0%,6.82%,0,8.93
rocket espresso appartamento review,0,3,0,40,0%,7.5%,0,16.6
baratza shut off hopper,0,3,0,34,0%,8.82%,0,5.47
fiorenzato f4 e nano v2,0,3,0,34,0%,8.82%,0,5.65
nuova simonelli appia ii 1 group,0,3,0,34,0%,8.82%,0,8.29
acs espresso,0,3,0,33,0%,9.09%,0,8.48
la cimbali m21 junior review,0,3,0,29,0%,10.34%,0,9.62
curtis alpha,0,3,0,28,0%,10.71%,0,7.71
la cimbali home espresso machine,0,3,0,26,0%,11.54%,0,9.23
la cimbali m39 price,0,3,0,24,0%,12.5%,0,8.67
rocket espresso r9 one,0,3,0,24,0%,12.5%,0,10.58
eric thermometer,0,3,0,20,0%,15%,0,2.75
ceado quick set gear upgrade kit,0,3,0,18,0%,16.67%,0,11.17
la marzocco linea mini plumbing kit,0,3,0,17,0%,17.65%,0,5.35
cimbali m39 price,0,3,0,15,0%,20%,0,10.53
baratza 270wi review,0,3,0,14,0%,21.43%,0,12.43
steamtip,0,3,0,13,0%,23.08%,0,6.77
m39 dosatron,0,3,0,12,0%,25%,0,2.42
quick mill andreja 0980,0,3,0,11,0%,27.27%,0,3.64
quickmill andreja premium evo,0,3,0,9,0%,33.33%,0,4.44
tubbi,0,2,0,1306,0%,0.15%,0,10.04
baratza vario,0,2,0,1034,0%,0.19%,0,14.19
vario grinder,0,2,0,877,0%,0.23%,0,14.11
automatic espresso machine,0,2,0,875,0%,0.23%,0,70.97
fetco,0,2,0,479,0%,0.42%,0,18.32
gs3 la marzocco,0,2,0,460,0%,0.43%,0,10.14
rocket espresso machines,0,2,0,382,0%,0.52%,0,22.05
mazzer mini e,0,2,0,319,0%,0.63%,0,19.43
porcelain espresso cups,0,2,0,274,0%,0.73%,0,4.46
astoria gloria,0,2,0,260,0%,0.77%,0,14.02
simonelli appia 2,0,2,0,249,0%,0.8%,0,12.97
rocky doserless,0,2,0,248,0%,0.81%,0,11.51
la cimbali m39,0,2,0,236,0%,0.85%,0,29.95
la cimbali espresso,0,2,0,214,0%,0.93%,0,10.46
baratza virtuoso plus,0,2,0,204,0%,0.98%,0,21.67
baratza vario grinder,0,2,0,193,0%,1.04%,0,10.21
acaia lunar,0,2,0,193,0%,1.04%,0,70.06
rocket r58 espresso machine,0,2,0,192,0%,1.04%,0,10.19
la spaziale s1 vivaldi 2,0,2,0,178,0%,1.12%,0,15.94
mazzer mini electronic a,0,2,0,178,0%,1.12%,0,28.03
lavazza gran filtro,0,2,0,177,0%,1.13%,0,14.03
rapid rinse,0,2,0,158,0%,1.27%,0,7.11
portafilter basket,0,2,0,156,0%,1.28%,0,18.56
rocket r9 one,0,2,0,154,0%,1.3%,0,12.74
baratza encore espresso,0,2,0,151,0%,1.32%,0,13.48
curtis g3,0,2,0,150,0%,1.33%,0,8.09
alex duetto 2,0,2,0,150,0%,1.33%,0,8.36
mahlkönig ek43 s,0,2,0,141,0%,1.42%,0,12.28
tamper 58mm,0,2,0,141,0%,1.42%,0,26.7
simonelli appia 1,0,2,0,130,0%,1.54%,0,6.76
bunn lpg grinder,0,2,0,130,0%,1.54%,0,8.32
fiorenzato grinder f64e,0,2,0,125,0%,1.6%,0,6.04
baratza sette 270 wi,0,2,0,113,0%,1.77%,0,12.09
nuova simonelli appia 1 group,0,2,0,111,0%,1.8%,0,12.46
espresso machine sales,0,2,0,108,0%,1.85%,0,30.22
lamarzocco linea mini,0,2,0,106,0%,1.89%,0,9.01
portafilter spout,0,2,0,106,0%,1.89%,0,9.01
heat exchanger espresso,0,2,0,100,0%,2%,0,8.67
cafetera casadio undici,0,2,0,98,0%,2.04%,0,8.35
best dual boiler espresso machine 2019,0,2,0,95,0%,2.11%,0,12.75
mythos one grinder,0,2,0,91,0%,2.2%,0,14.38
simonelli coffee grinder,0,2,0,88,0%,2.27%,0,9.62
espresso dual boiler,0,2,0,81,0%,2.47%,0,5.6
la marzocco gs3 review,0,2,0,81,0%,2.47%,0,11.12
enea on demand,0,2,0,80,0%,2.5%,0,6.78
vst coffee,0,2,0,80,0%,2.5%,0,12.99
two group espresso machine,0,2,0,79,0%,2.53%,0,12.3
rocket espresso evoluzione r,0,2,0,79,0%,2.53%,0,22.39
sette 270wi review,0,2,0,75,0%,2.67%,0,9.71
cimbali m39,0,2,0,72,0%,2.78%,0,4.6
compak k3 touch review,0,2,0,70,0%,2.86%,0,7.91
quick mill andreja profiles 1,0,2,0,69,0%,2.9%,0,11.33
casadio espresso machine price,0,2,0,68,0%,2.94%,0,6.37
la cimbali junior d1,0,2,0,67,0%,2.99%,0,4.79
ceado e5,0,2,0,67,0%,2.99%,0,9.99
e61 legend,0,2,0,66,0%,3.03%,0,7.29
espresso machine repair nyc,0,2,0,65,0%,3.08%,0,13.02
dr smoothie cafe essentials,0,2,0,64,0%,3.12%,0,6.12
rocket espresso r 58,0,2,0,64,0%,3.12%,0,41.69
k30 twin grinder,0,2,0,63,0%,3.17%,0,5.11
rinse brewer with tablet,0,2,0,62,0%,3.23%,0,7.98
f64 fiorenzato,0,2,0,61,0%,3.28%,0,6.77
nuova simonelli mythos clima pro,0,2,0,61,0%,3.28%,0,7.18
hot clips,0,2,0,61,0%,3.28%,0,42.57
casadio grinder adjustment,0,2,0,60,0%,3.33%,0,7.87
vst single basket,0,2,0,59,0%,3.39%,0,7.9
ceado single dose grinder,0,2,0,59,0%,3.39%,0,9.24
undici coffee machine,0,2,0,58,0%,3.45%,0,4.48
53mm espresso tamper,0,2,0,58,0%,3.45%,0,5.74
krome pitcher rinser,0,2,0,58,0%,3.45%,0,7.17
plumbed keurig machine,0,2,0,58,0%,3.45%,0,10
volumetric espresso machine,0,2,0,58,0%,3.45%,0,10.41
wilbur curtis g3 airpot brewer,0,2,0,56,0%,3.57%,0,7.86
rdt sprayer,0,2,0,55,0%,3.64%,0,5.58
k3 touch,0,2,0,55,0%,3.64%,0,7.82
compak grinder k3,0,2,0,54,0%,3.7%,0,6.87
la spaziale s40,0,2,0,54,0%,3.7%,0,23.7
2 group commercial espresso machine,0,2,0,51,0%,3.92%,0,6.86
baratza encore for espresso,0,2,0,51,0%,3.92%,0,15.51
la marzocco 3 group,0,2,0,50,0%,4%,0,18.24
mythos plus grinder,0,2,0,48,0%,4.17%,0,9.81
slayer espresso machine review,0,2,0,47,0%,4.26%,0,7.02
rocket apartemento,0,2,0,47,0%,4.26%,0,8.64
mahlkonig grinder peak,0,2,0,46,0%,4.35%,0,5.43
compak e10 grinder,0,2,0,45,0%,4.44%,0,6.71
quick mill coffee machine review,0,2,0,45,0%,4.44%,0,10.93
lavazza decaf espresso beans,0,2,0,45,0%,4.44%,0,18.8
ek43s dimensions,0,2,0,44,0%,4.55%,0,5.39
blender rinse station,0,2,0,43,0%,4.65%,0,6.35
fiorenzato grinders,0,2,0,43,0%,4.65%,0,10.09
steaming thermometer,0,2,0,43,0%,4.65%,0,10.42
naranjo coffee,0,2,0,42,0%,4.76%,0,10.55
espresso flojet pump,0,2,0,41,0%,4.88%,0,6.85
ceado 37j,0,2,0,41,0%,4.88%,0,7.05
linea mini review,0,2,0,41,0%,4.88%,0,17.27
casadio undici a2 manual,0,2,0,40,0%,5%,0,4.17
mahlkonig guatemala lab,0,2,0,40,0%,5%,0,10.78
rocket mozzafiato v,0,2,0,40,0%,5%,0,11.68
shower screen coffee,0,2,0,39,0%,5.13%,0,5.36
espresso brush group head,0,2,0,39,0%,5.13%,0,5.79
1 group commercial espresso machine,0,2,0,39,0%,5.13%,0,12.44
coffee machine shop,0,2,0,39,0%,5.13%,0,27.26
simonelli appia ii 1 group,0,2,0,37,0%,5.41%,0,6.95
la marzocco linea mini for sale,0,2,0,37,0%,5.41%,0,24.81
heat exchange espresso machine,0,2,0,36,0%,5.56%,0,7.75
53mm tamper espresso,0,2,0,35,0%,5.71%,0,5.94
mini vivaldi espresso machine,0,2,0,32,0%,6.25%,0,6.03
isomac parts,0,2,0,32,0%,6.25%,0,13.91
lavazza cappuccino cups,0,2,0,32,0%,6.25%,0,30.78
cappuccino machine repair,0,2,0,30,0%,6.67%,0,18.57
faema e61 legend s2,0,2,0,30,0%,6.67%,0,28.57
compak grinder e8,0,2,0,29,0%,6.9%,0,5.07
coffee maker repair shop near me,0,2,0,29,0%,6.9%,0,8.48
quick mill vetrano 2b vs rocket r58,0,2,0,28,0%,7.14%,0,8.68
rancilio silvia boiler gasket,0,2,0,28,0%,7.14%,0,9
rocket water softener,0,2,0,27,0%,7.41%,0,12.11
aerator valve,0,2,0,27,0%,7.41%,0,16.33
rocket espresso water reservoir filter,0,2,0,27,0%,7.41%,0,18.7
commercial pitcher rinser,0,2,0,26,0%,7.69%,0,8.5
sette grinder 270wi,0,2,0,26,0%,7.69%,0,8.88
mahlkonig k30 parts,0,2,0,25,0%,8%,0,15.76
group gasket espresso,0,2,0,24,0%,8.33%,0,6.88
la spaziale s1 mini,0,2,0,24,0%,8.33%,0,7.33
la marzocco gb5 review,0,2,0,23,0%,8.7%,0,6.35
rocket 58 espresso,0,2,0,23,0%,8.7%,0,8.87
dual boiler vs single boiler espresso machine,0,2,0,22,0%,9.09%,0,6.64
coffee machine maintenance near me,0,2,0,21,0%,9.52%,0,5.05
cafelat tubbi knock box,0,2,0,21,0%,9.52%,0,6.62
vst 7g basket,0,2,0,21,0%,9.52%,0,6.86
la spaziale s1 dream review,0,2,0,21,0%,9.52%,0,8.48
espresso group head cleaning brush,0,2,0,20,0%,10%,0,3.5
espresso machine boston,0,2,0,20,0%,10%,0,4.65
best portafilter basket,0,2,0,20,0%,10%,0,16
keurig k150p parts,0,2,0,19,0%,10.53%,0,10.89
fiorenzato evo,0,2,0,18,0%,11.11%,0,5.33
quick mill pegaso,0,2,0,18,0%,11.11%,0,18.11
baratza virtuoso plus review,0,2,0,18,0%,11.11%,0,33.61
unic pony espresso machine,0,2,0,17,0%,11.76%,0,4
rocket espresso mozzafiato evoluzione r review,0,2,0,17,0%,11.76%,0,6.41
izzo alex leva espresso machine,0,2,0,17,0%,11.76%,0,16
nuova simonelli appia 2 portafilter size,0,2,0,16,0%,12.5%,0,3.62
compak pk100,0,2,0,16,0%,12.5%,0,16.38
slayer espresso for sale,0,2,0,15,0%,13.33%,0,6.67
victoria arduino leva,0,2,0,15,0%,13.33%,0,10.07
gs3 av vs mp,0,2,0,15,0%,13.33%,0,10.87
la marzocco repair near me,0,2,0,14,0%,14.29%,0,8.07
rinser pitcher,0,2,0,14,0%,14.29%,0,13.5
mahlkonig k30 short hopper,0,2,0,13,0%,15.38%,0,2
linea mini portafilter size,0,2,0,13,0%,15.38%,0,7.23
la spaziale s1 vivaldi ii espresso machine,0,2,0,12,0%,16.67%,0,2.5
quick mill review,0,2,0,12,0%,16.67%,0,6.17
mini mazzer coffee grinder,0,2,0,12,0%,16.67%,0,18.42
vetrano 2b manual,0,2,0,10,0%,20%,0,3.8
grouphead thermometer,0,2,0,9,0%,22.22%,0,4.33
quickmill qm 67,0,2,0,8,0%,25%,0,11.12
rocket r nine one test,0,2,0,7,0%,28.57%,0,7.43
k30 vario grinder,0,2,0,7,0%,28.57%,0,15.29
enea grinder,0,2,0,6,0%,33.33%,0,3.33
blendtec ez 600 review,0,2,0,6,0%,33.33%,0,6.5
rocket espresso mozzafiato type v review,0,2,0,6,0%,33.33%,0,7.83
coffee sensor thermometer,0,2,0,6,0%,33.33%,0,11
2 hole steam tip,0,2,0,5,0%,40%,0,9
motta tamping mat,0,2,0,3,0%,66.67%,0,7.33
ochis coffe,0,2,0,2,0%,100%,0,1.5
wholesale coffee suppliers,0,1,0,861,0%,0.12%,0,32.33
simonelli,0,1,0,782,0%,0.13%,0,25.93
gb5,0,1,0,756,0%,0.13%,0,8.97
commercial coffee brewer,0,1,0,709,0%,0.14%,0,28.28
coffee services near me,0,1,0,700,0%,0.14%,0,85.67
shower screens,0,1,0,694,0%,0.14%,0,71.13
faema espresso machine,0,1,0,644,0%,0.16%,0,39.83
espresso machines for sale,0,1,0,644,0%,0.16%,0,46.09
chocolate raspberry coffee,0,1,0,584,0%,0.17%,0,73.85
espresso knock box,0,1,0,539,0%,0.19%,0,45.81
commercial coffee filters,0,1,0,537,0%,0.19%,0,12.83
la marzocco espresso machine,0,1,0,536,0%,0.19%,0,37.16
marzocco gs3,0,1,0,492,0%,0.2%,0,27.66
tarrazu,0,1,0,445,0%,0.22%,0,20.32
k150p,0,1,0,433,0%,0.23%,0,11.83
super jolly grinder,0,1,0,399,0%,0.25%,0,17.67
costa rican tarrazu coffee beans,0,1,0,393,0%,0.25%,0,25.3
e5p,0,1,0,392,0%,0.26%,0,25.2
silvia rancilio,0,1,0,382,0%,0.26%,0,8.01
coffee machine vendors,0,1,0,372,0%,0.27%,0,56.86
compak coffee grinder,0,1,0,356,0%,0.28%,0,17.23
simonelli grinder,0,1,0,350,0%,0.29%,0,9.5
baratza forte,0,1,0,347,0%,0.29%,0,23.03
dow 111,0,1,0,329,0%,0.3%,0,39.46
chriss,0,1,0,319,0%,0.31%,0,35.24
cafe essentials,0,1,0,309,0%,0.32%,0,8.82
mazzer mini doserless,0,1,0,293,0%,0.34%,0,16.34
mazzer major electronic,0,1,0,293,0%,0.34%,0,23.73
steam arm,0,1,0,273,0%,0.37%,0,8.6
k30 grinder,0,1,0,273,0%,0.37%,0,15.64
rocket giotto evoluzione v2,0,1,0,265,0%,0.38%,0,12.51
vacuum breaker valve,0,1,0,249,0%,0.4%,0,49.83
cafelat,0,1,0,248,0%,0.4%,0,31.14
coconut flavored coffee,0,1,0,232,0%,0.43%,0,44.5
giotto espresso machine,0,1,0,225,0%,0.44%,0,7.84
rocket milano espresso,0,1,0,217,0%,0.46%,0,41.74
baratza encore conical burr coffee grinder,0,1,0,217,0%,0.46%,0,59.39
commercial espresso grinders,0,1,0,215,0%,0.47%,0,40.42
keurig commercial,0,1,0,213,0%,0.47%,0,39.09
mahlkonig grinders,0,1,0,208,0%,0.48%,0,30.33
la marzocco portafilter,0,1,0,207,0%,0.48%,0,27.96
commercial office coffee machines,0,1,0,205,0%,0.49%,0,18.93
water solenoid valve 220v,0,1,0,203,0%,0.49%,0,31.43
mahlkonig ek 43,0,1,0,198,0%,0.51%,0,8.12
ek grinder,0,1,0,196,0%,0.51%,0,10.14
nuova simonelli appia,0,1,0,192,0%,0.52%,0,25.36
commercial lever espresso machine,0,1,0,191,0%,0.52%,0,12.23
nuova simonelli appia 2,0,1,0,186,0%,0.54%,0,15.79
appartamento espresso,0,1,0,185,0%,0.54%,0,7.66
cafelat tamper,0,1,0,176,0%,0.57%,0,5.44
barista pitcher,0,1,0,174,0%,0.57%,0,7.29
ceado e37,0,1,0,172,0%,0.58%,0,16.34
baratza vario-w,0,1,0,171,0%,0.58%,0,11.37
curtis airpot brewer,0,1,0,170,0%,0.59%,0,9.76
timer switch,0,1,0,167,0%,0.6%,0,71.77
mazzer grinder,0,1,0,166,0%,0.6%,0,50.99
rancilio silvia parts,0,1,0,165,0%,0.61%,0,41.69